id,name,description,exercise_type,default_duration,muscle_groups,base_tags,benefits,limitations,suggested_combinations,catalogs
plank,Plank,"Hold your body in a straight line, supported by forearms and toes",time_based,30,core|abs|shoulders,,"Strengthens core muscles (abs, obliques, etc.), helping to protect the spine and improve posture. Also convenient with no equipment needed, and builds stability for everyday movements.",Isometric holds beyond ~2 minutes yield diminishing returns. Poor form (sagging hips or shoulders) can cause pain. People with high blood pressure should avoid very long plank holds as they can raise blood pressure. Modify if you have wrist or shoulder issues (drop to knees or use an incline).,side-plank|dead-bug,general-fitness
side-plank,Side Plank,"Hold your body sideways, supported by one forearm",time_based,20,core|obliques|shoulders,,Emphasizes the oblique muscles and lateral core stability. Helps stabilize the spine and address side-to-side muscle imbalances. Also improves shoulder and hip endurance on each side.,"Puts more pressure on one shoulder – if you have shoulder pain, start on your knees or avoid. Keep hips from dropping; a weak core may make it hard to hold, so build up gradually. Avoid if you feel sharp shoulder or arm pain.",plank|dead-bug,general-fitness
mountain-climbers,Mountain Climbers,Alternate bringing knees to chest in plank position,time_based,30,core|shoulders|legs|cardio,,"Full-body movement that elevates your heart rate, improving cardiovascular fitness. Strengthens core and shoulders (holding plank position) and legs (due to rapid knee drives). Regular practice can enhance agility and coordination.","High-impact on wrists and toes – use a mat or incline if wrists hurt. Keep back flat; if hips pike up or sag, slow down. Avoid if you have uncontrolled lower back or shoulder pain. Those with knee issues should step instead of jump to reduce impact.",burpees|jumping-jacks,general-fitness
bicycle-crunches,Bicycle Crunches,Alternate elbow to opposite knee in cycling motion,repetition_based,1.1,core|abs|obliques,,"One of the most effective abdominal exercises – it ranks top for activating the rectus abdominis and obliques. Builds core strength and stability, and improves coordination with its cross-body motion. Also helps train the muscles for rotational movements, benefiting functional core use.","Can strain the neck if done improperly (avoid pulling on your neck). Keep lower back pressed to the floor; if it arches, slow down or shorten range. Individuals with lower back issues should proceed with caution or opt for gentler core moves.",plank|russian-twists,general-fitness
push-ups,Push-ups,Lower and raise body using arms in prone position,repetition_based,2.86,chest|shoulders|triceps|core,,"Strengthens the chest, shoulders, and triceps, while engaging the core for stability. It’s a foundational upper-body exercise that also improves functional strength for pushing motions. Can even support heart health – higher push-up capacity has been linked to lower cardiac risk:.","Doing too many without variation can lead to a plateau in strength gains. Poor form (such as flared elbows or sagging hips) can strain shoulders or lower back. If you experience wrist pain, use push-up bars or do them on your knuckles. Individuals with shoulder injuries should use a reduced range or skip if painful.",squats|lunges,general-fitness
squats,Squats,"Lower body by bending knees, then return to standing",repetition_based,2,quads|glutes|hamstrings|core,,"Engages most major leg muscles (glutes, quadriceps, hamstrings) and core, making it a highly functional exercise. Helps build lower-body strength for daily activities like lifting or climbing stairs. Also improves balance and flexibility when done through a full range of motion, and can boost calorie burn due to using large muscle groups:.","Proper form is crucial – knees should track over toes, not cave inward, and heels stay down. Going too heavy or too deep without flexibility can strain knees or back. Those with knee or back issues should squat to a comfortable depth (or use a chair as a guide) and keep the back neutral. If any sharp pain occurs, stop and check your form or consult a trainer.",lunges|wall-sit,general-fitness
lunges,Lunges,"Step forward and lower body, alternating legs",repetition_based,2,quads|glutes|hamstrings|calves,,"Works all major muscles of the legs (glutes, quads, hamstrings) and improves balance through its unilateral nature. Lunges help correct strength imbalances between legs and enhance hip mobility. They also engage core and stabilizer muscles to keep you upright, benefiting overall stability and coordination.","Ensure your front knee does not extend beyond your toes to protect the joint. People with knee problems might find forward lunges difficult – they can try reverse lunges which are easier on the knees. Keep your torso upright and avoid leaning forward excessively. If balance is an issue, perform lunges next to a wall or hold onto something for support initially.",squats|calf-raises,"general-fitness,women-health"
wall-sit,Wall Sit,"Slide down wall until thighs parallel, hold position",time_based,30,quads|glutes|calves|core,,"Isometric exercise that builds endurance in the quadriceps, glutes, and calves. Great for strengthening the legs without movement, and it also engages the core and lower back for stabilization. Wall sits can improve muscular stamina useful for skiing or hiking, and have been shown to help lower blood pressure when practiced regularly:.","If you have knee pain, start with a higher “seat” (less bend) or shorter hold. Do not drop below a 90° knee angle, as that increases knee stress. Ensure your lower back is against the wall to avoid strain. People with uncontrolled hypertension should still be cautious (don’t hold your breath) despite long-term benefits; exhale slowly while holding.",squats|lunges,general-fitness
burpees,Burpees,"Squat, jump back to plank, push-up, jump feet back, jump up",repetition_based,4.2,full-body|chest|shoulders|legs|core|cardio,,"A vigorous full-body exercise that combines strength and cardio. Burpees work your legs, core, chest, and shoulders, and they rapidly increase heart rate to improve cardiovascular endurance. They burn a lot of calories and can enhance explosive power (through the jump) and overall agility.","Burpees are very intense; beginners should start with fewer reps or step-back variations to avoid injury. They can put stress on wrists, shoulders, and knees due to the quick transitions. Maintain a controlled pace to ensure good form – sloppy burpees can strain the lower back or shoulders. If you have joint issues, consider modifying (e.g., no jump, or step instead of jump back).",mountain-climbers|jumping-jacks,general-fitness
jumping-jacks,Jumping Jacks,"Jump feet apart while raising arms, then jump back together",time_based,30,cardio|legs|shoulders,,"Simple but effective full-body cardio exercise. Jumping jacks raise your heart rate, burn calories, and can improve aerobic endurance. They engage the legs (calves, thighs) and shoulders, and over time can even help bone density due to the impact from jumping. They also boost coordination by moving arms and legs together.","As a high-impact move, they may aggravate knee or ankle issues if done excessively or on a hard surface. If you have joint pain, do a lower impact version by stepping side to side instead of jumping. Wear supportive shoes and exercise on a shock-absorbing surface to protect your joints. Those with very low fitness should start with short sets since jacks can be surprisingly strenuous.",high-knees|butt-kicks,general-fitness
high-knees,High Knees,Run in place bringing knees up to chest level,time_based,30,cardio|legs|core,,"A quick-paced cardio drill that elevates heart rate and improves lower-body power. High knees engage the hip flexors, quadriceps, hamstrings, calves, and glutes, building muscular endurance and coordination in these areas. They also strengthen the core (keeping you upright) and can enhance running speed and form by training an exaggerated knee lift.","This exercise is high-impact (essentially running in place), so it can strain ankles or shins if done on a very hard surface. Wear supportive footwear and choose softer ground if possible. If you have balance issues or are very new to exercise, start with a marching-in-place to build up. As always, maintain good posture; do not lean back, which could strain the lower back.",butt-kicks|jumping-jacks,"general-fitness,women-health"
butt-kicks,Butt Kicks,Run in place kicking heels up toward glutes,time_based,30,cardio|hamstrings|calves,,"Focuses on the hamstrings by having you kick your heels up. Butt kicks serve as a dynamic stretch for the quadriceps and an activation for the hamstrings, improving their flexibility and strength. Like high knees, it’s also a cardio move that will raise your heart rate and warm up the body. Regular practice can aid running form by encouraging a quicker heel recovery under the body.","Maintain an upright posture; avoid leaning too far forward, which can strain the lower back. If you have knee issues, perform the movement gently (don’t force your heel to hit your butt). People with very tight quads should ease into it to prevent muscle pulls. As a lower-impact drill, it is generally safe, but if balance is a concern, do it marching in place rather than fast jumping.",high-knees|jumping-jacks,"general-fitness,women-health"
downward-dog,Downward Dog,Form inverted V-shape with hands and feet on ground,time_based,30,flexibility|hamstrings|shoulders|back,,"A staple yoga pose that stretches the entire back side of your body. Downward Dog lengthens the hamstrings and calves, opens the shoulders and chest, and traction on the spine helps relieve back tension. It also builds strength in the arms and shoulders by supporting part of your body weight, and improves blood circulation with the head lowered slightly (mild inversion):.","Those with very tight hamstrings or shoulders might find it challenging – it’s okay to bend your knees and elbows slightly to maintain a straight back. If you have wrist issues, you can do the pose on your forearms (Dolphin pose) or prop your hands on blocks. Individuals with uncontrolled high blood pressure or glaucoma should be cautious with any inverted position. Come out of the pose if you feel any dizziness or sharp pain.",child-pose|forward-fold,general-fitness
child-pose,Child's Pose,"Kneel and sit back on heels, extend arms forward on ground",time_based,45,flexibility|back|hips,,"A gentle, restorative pose that stretches the lower back, hips, thighs, and ankles. It helps to relax both the body and mind by activating the parasympathetic nervous system (promoting stress relief and better sleep). Child’s Pose can alleviate lower back pressure by elongating the spine and is often used as a resting or calming posture in yoga.","If you have knee problems, widen your knees or place a cushion under your hips to reduce pressure. Those with very limited ankle mobility might feel discomfort – a rolled towel under the ankles can help. Pregnant women or people with a large midsection should take a wider stance with the knees to avoid compression on the abdomen. Otherwise, it’s generally safe; just avoid forcing your buttocks all the way to the heels if it causes pain.",downward-dog|cat-cow,general-fitness
cat-cow,Cat-Cow Stretch,Alternate arching and rounding spine on hands and knees,repetition_based,2,flexibility|back|core,,"Gently mobilizes the spine, increasing flexibility and relieving tension in the back and neck. Cat-Cow helps you become more aware of spinal movement and can improve posture by training each vertebra to move. It also promotes blood flow to the spinal muscles and engages the core in a mild, controlled way. Often used to ease stiffness in the morning or before more strenuous activity.","This is a very low-risk movement. However, if you have a spinal injury or severe pain, move within a pain-free range only. It’s safe to let the back round fully in Cat and arch in Cow, but do not force any position. People with wrist discomfort can perform it on fists or with wrists slightly ahead of shoulders. Remember to move slowly and breathe; rushing through can reduce the effectiveness of the stretch:.",child-pose|downward-dog,"general-fitness,women-health"
single-leg-stand,Single Leg Stand,"Stand on one leg, hold for time, then switch",time_based,30,balance|legs|core,,"A fundamental balance exercise that improves proprioception and ankle stability. Regular practice can enhance your overall balance and reduce the risk of falls by strengthening the muscles around the ankles, knees, and hips that keep you upright. It engages the core as well, since you must stabilize your trunk on one leg. There’s even research suggesting that better one-leg balance is correlated with longer life expectancy: (likely reflecting overall health).","For safety, stand near a support (wall or chair) when you first try it, in case you lose balance. If you have significant balance issues or neurological conditions affecting balance, consult a professional for guidance. It’s a gentle exercise, but avoid doing it with eyes closed or on unstable surfaces until you have mastered a stable stance. Always practice on both legs to ensure balanced development.",tree-pose|warrior-3,"general-fitness,women-health"
tree-pose,Tree Pose,Stand on one leg with other foot on inner thigh,time_based,30,balance|legs|core|hips,,"Classic yoga balance pose that develops single-leg stability and focus. Tree Pose strengthens the standing leg (ankle, calf, thigh) and the core and hip stabilizers that keep you upright. The lifted leg also opens the hip of that side, improving hip flexibility. Mentally, it builds concentration and a sense of grounding as you practice steadying yourself.","Avoid pressing the foot against the knee joint of the standing leg – place it either below or above the knee to prevent strain. If you have trouble balancing, start with your foot lower (ankle or calf) and/or do it near a wall for support. People with ankle instability should be cautious; they can do a modified version with toes of the raised foot touching the ground. As with any balance pose, step out of it slowly if you start to fall to avoid injury.",single-leg-stand|warrior-3,general-fitness
warrior-3,Warrior III,Balance on one leg with other leg extended behind,time_based,20,balance|legs|glutes|back|core,,"Advanced balance pose that strengthens the entire posterior chain (back, glutes, hamstrings) as well as the core and shoulders. Warrior III greatly improves balance and coordination, making you stabilize with one leg and torso parallel to the ground. It stretches the hamstring of the standing leg and requires engagement of the back muscles to keep your chest lifted. Overall, it builds core strength and back-body engagement while honing focus.","This pose is challenging; beginners should use a wall or blocks under the hands for support while learning the balance. Maintain a neutral neck (don’t crane upward) to avoid neck strain. If you have lower back problems, be cautious with the forward-leaning position – ensure you engage your core to avoid sagging. It’s okay to keep a slight bend in the standing knee to ease hamstring tension. Come out of the pose if you feel your form collapsing, as continuing while unstable might lead to a fall.",single-leg-stand|tree-pose,general-fitness
dead-bug,Dead Bug,"Lie on back, alternate extending opposite arm and leg",repetition_based,2,core|abs,,"Highly effective for core stabilization. The dead bug teaches you to keep your ribcage down and lower back flat while moving your arms and legs – strengthening the deep core muscles that protect your spine. It improves coordination between opposite limbs (neuromuscular control) and can help alleviate lower back discomfort by training proper spinal alignment during movement. Overall, it builds a strong, stable core foundation for other exercises.","It’s generally very safe. The main error is letting your lower back arch off the floor – if you can’t keep it down, limit your range of motion or bend your knees more. If you feel neck strain, support your head on a small pillow or towel. People with severe lower back pain should start with caution and perhaps with one limb at a time until the core is stronger.",plank|glute-bridges,general-fitness
glute-bridges,Glute Bridges,"Lie on back, lift hips by squeezing glutes",repetition_based,2,glutes|hamstrings|core,,"Isolates and strengthens the gluteal muscles, which are often underused due to sitting. Strong glutes contribute to better pelvic alignment and can help alleviate lower back pain by taking strain off the spine. Glute bridges also engage the hamstrings and core, making them a great posterior-chain exercise. They improve hip extension, which can enhance posture and athletic movements (like jumping and running).","If you hyperextend (arch) your lower back at the top, you may feel discomfort – focus on squeezing the glutes, not arching the spine. People with very tight hip flexors might find it hard to lift hips high; a gentle stretch of hip flexors beforehand can help. Generally low-impact, but those with certain spine conditions should ensure they don’t push through pain. Also, avoid pushing your head into the ground; the force should be through shoulders and feet.",dead-bug|lunges,"general-fitness,women-health"
finger-roll,Finger Roll,"Roll fingers from fist to full extension, working each finger individually",time_based,30,hands|mobility,,"Increases flexibility and blood circulation in the fingers and hands. Finger rolls help maintain range of motion in the finger joints and can improve dexterity and coordination of the fingers. Useful for warming up the hands before fine motor tasks or relieving stiffness after long periods of computer use. Over time, such exercises can help keep your hands nimble and may reduce risk of issues like tendonitis by gently working the tendons through their motion.","Virtually no risk when done gently. Avoid aggressive or fast snapping movements – the exercise should be smooth. If you have arthritis or very stiff fingers, do the motion slowly and in warm water to further ease joint movement. Stop if you feel any sharp pain in a particular finger joint.",,general-fitness
tricep-dips,Tricep Dips,Lower and raise body using arm strength while seated on edge,repetition_based,2,triceps|shoulders|chest,,"Primarily targets the triceps on the back of the upper arm, contributing to stronger, toned arms. Dips also involve the chest and anterior shoulders as secondary muscles. They can help improve upper-body pushing strength and can be done almost anywhere with a sturdy chair or bench. Over time, dips can lead to better arm definition and functional strength for pushing motions (like getting up from a seated position).","Bench dips can put significant stress on the shoulder joints due to the position of the arms behind the body. It’s important not to dip too low – lower until your elbows are about 90 degrees to reduce risk of shoulder injury. If you feel anterior shoulder pain, shorten the range or discontinue. Also keep your shoulders down (do not shrug) and close to your body during the dip. Those with previous shoulder issues should be cautious or opt for a different triceps exercise.",push-ups|plank,general-fitness
calf-raises,Calf Raises,"Rise up onto toes, hold briefly, then lower back down",repetition_based,2,calves,,"Strengthens the calf muscles (gastrocnemius and soleus) which power plantarflexion (rising on toes). Strong calves improve ankle stability and balance, reducing the risk of ankle sprains. They also contribute to better push-off in walking, running, and jumping. Regular calf raises can enhance muscle endurance in the lower legs and may help prevent Achilles tendon injuries by conditioning the tendon and muscles.","It’s generally a safe low-impact exercise. However, bouncing at the bottom or doing very fast reps might strain the Achilles tendon – perform raises in a controlled manner. People with tight calves should include stretching as well, as strengthening without stretching could increase tightness. If you feel a calf cramp, pause and gently stretch before continuing. Those with Achilles tendonitis should start with caution (maybe focusing on slow eccentric lowers).",squats|lunges,"general-fitness,women-health"
russian-twists,Russian Twists,"Sit with feet elevated, rotate torso side to side",repetition_based,2,core|obliques|abs,,"Targets the oblique muscles strongly, helping to tone the sides of your abdomen and improve rotational strength. Russian twists also engage the transverse abdominis and lower back to stabilize the spine as you rotate, contributing to a stronger core. Athletes benefit from this exercise due to its sports-specific rotational training (think swinging a bat or golf club). When done with control, it can enhance spinal mobility and core endurance.","Twisting with a rounded lower back or too heavy a weight can strain the lumbar spine or discs. It’s critical to keep your back at a 45° angle and chest up while performing the twist. If you have a history of lower back issues, consider avoiding weighted twists and keep the motion small and slow. Some trainers caution against this move for those with osteoporosis or disc problems due to the rotational stress. Always move deliberately – avoid sudden jerks.",bicycle-crunches|plank,general-fitness
bear-crawl,Bear Crawl,"Crawl forward on hands and feet, keeping knees off ground",time_based,30,full-body|core|shoulders|legs,,"A compound exercise that develops total-body strength and cardio. Bear crawls strengthen the shoulders and arms (as they support your body), core (as you stabilize your trunk in motion), and legs – all while training coordination and agility. It’s essentially a moving plank, forcing your core to work hard to prevent rotation as you move, and it raises your heart rate, improving endurance. It’s also great for building shoulder stability and improving hip and ankle mobility when done with proper form.","Can be tiring quickly – maintain form even when fatigued. If your knees start touching the ground or hips sag, take a break to avoid strain on the lower back. Those with wrist pain might need to crawl on fists or parallel bars to keep wrists neutral. Ensure a flat back; don’t let your head drop (to avoid neck strain). As it involves being bent over, individuals with high blood pressure or glaucoma should monitor for dizziness due to head position (though it’s not a full inversion).",mountain-climbers|burpees,general-fitness
forward-fold,Forward Fold,"Stand and bend forward, reaching toward toes",time_based,30,flexibility|hamstrings|back,,"A soothing stretch for the posterior chain. Standing Forward Fold deeply stretches the hamstrings, calves, and lower back. It gently decompresses the spine and can help relieve tension in the back and neck. Forward bends also have a calming effect on the nervous system – they often reduce stress and anxiety, leaving you feeling grounded and relaxed. Additionally, the slight inversion (head below heart) can improve circulation to the brain and face.","Avoid bouncing in the stretch – a static or slow dynamic approach is safer. People with tight hamstrings should bend their knees slightly to prevent strain or rounding of the lower back. If you have lower back issues or disc problems, hinge at the hips with a flat back until you feel a stretch, rather than fully collapsing forward. Those with very high blood pressure or glaucoma should rise back up slowly to prevent head rush or pressure spikes. Pregnant individuals should widen their stance to make space for the belly and not compress it.",downward-dog|child-pose,general-fitness
chair-squat,Chair Squat,Sit-to-stand using a chair.,repetition_based,6,quads|glutes|hamstrings|core,,"Strengthens the major lower-body muscles (quadriceps, glutes, hamstrings) through a functional movement pattern. Highly accessible for beginners, older adults, or those recovering from injury. Helps build confidence in squat mechanics and improves leg strength for daily activities like standing from chairs, getting in/out of cars, or climbing stairs. May support bone density when practiced regularly, which is particularly valuable during menopause and aging.","Avoid if experiencing acute knee pain or severe joint inflammation. Use a higher chair if mobility is limited. Ensure the chair is stable and won't slide—place it against a wall if needed. If you have balance concerns, position the chair near a wall or counter for hand support. Stop if you feel sharp pain in knees or hips.",wall-push-up|glute-bridges,women-health
wall-push-up,Wall Push-Up,Standing push-up against a wall.,repetition_based,5,chest|shoulders|triceps|core,,"Builds upper-body strength in the chest, shoulders, and triceps without the intensity of floor push-ups. Excellent progression exercise for those working toward standard push-ups, and ideal for individuals with limited upper-body strength. Engages core muscles for stability while standing, and places minimal stress on wrists. Particularly suitable for postpartum recovery, seniors, or anyone new to resistance training.","Avoid if you have active shoulder injuries or inflammation. Use a sturdy wall that won't move. If you feel shoulder impingement or pain, reduce your range of motion or angle (stand further from the wall for less intensity). Those with wrist discomfort can try a slightly wider hand placement. Stop if you experience any sharp pain.",chair-squat|desk-plank,women-health
desk-plank,Desk Plank,Forearms on desk; hold body in a straight line.,time_based,30,core|abs|shoulders,,"Develops core strength and stability with less intensity than floor planks due to the elevated angle. Strengthens the abs, obliques, and deep core muscles while engaging shoulders and upper back for support. Perfect for office workers or those with limited floor space. The incline makes it accessible while still providing effective core training. Helps improve posture by training proper body alignment and reducing lower back strain from prolonged sitting.","Avoid if you have acute shoulder or wrist pain—the elevated position still requires upper-body support. Ensure your desk or surface is stable and won't slip. If you feel lower back discomfort, it may indicate your hips are sagging; engage your core more or reduce hold time. Those with high blood pressure should breathe steadily and avoid very long holds.",wall-push-up|bird-dog,women-health
bird-dog,Bird-Dog,"On hands/knees, extend opposite arm and leg.",repetition_based,2,core|back|glutes|shoulders,,"Excellent for core stability and spinal alignment, strengthening the deep muscles that protect your back. Improves balance and coordination through contralateral movement (opposite limbs working together). Engages glutes, lower back, abs, and shoulders simultaneously in a functional pattern. Particularly valuable for postpartum recovery, rehabilitation after back injury, or prevention of lower back pain. Helps correct muscle imbalances and promotes better posture.","Avoid if you have acute wrist pain or carpal tunnel issues—you can modify by performing on forearms instead of hands. Keep movements slow and controlled; rushing reduces effectiveness and can compromise balance. If you have severe lower back pain, start with smaller range of motion or keep limbs closer to the floor. Those with knee discomfort should use a padded surface or folded towel under knees.",glute-bridges|cat-cow,women-health
modified-push-up,Modified Push-Up,Knees down; push-up pattern.,repetition_based,2,chest|shoulders|triceps|core,,"Builds upper-body strength in chest, shoulders, and triceps with reduced load compared to standard push-ups. Excellent progression exercise for building toward full push-ups. Engages core muscles for stability while minimizing lower-body involvement. Particularly suitable for postpartum women rebuilding core and upper-body strength, beginners, or those with limitations. Helps develop proper push-up form and body alignment in a more manageable position.","Avoid if experiencing acute wrist pain—you can use push-up handles or perform on fists if needed. Ensure knees are comfortably cushioned on a mat or soft surface. If you feel shoulder impingement, reduce range of motion or widen hand placement slightly. Keep core engaged to avoid lower back sagging. Those with recent abdominal surgery should get medical clearance before attempting.",chair-squat|glute-bridges,women-health
arm-circles,Arm Circles,Circle arms forward and back.,time_based,25,shoulders|mobility,,"Increases blood flow to shoulder muscles and improves range of motion in the shoulder joints. Excellent for warming up before upper-body workouts or sports activities. Helps maintain shoulder flexibility and can reduce stiffness from prolonged sitting or computer work. The dynamic movement activates rotator cuff muscles and deltoids. Can help relieve tension in shoulders and upper back, including premenstrual tension that often settles in the upper body.","Avoid large circles if you have active shoulder pain, impingement, or recent shoulder injury. Start with small circles and only increase size if pain-free. Those with rotator cuff issues should move slowly and within comfortable range. If you feel clicking or grinding in shoulders, reduce circle size or stop. Keep movements controlled—avoid forceful or ballistic motions.",shoulder-rolls|wall-push-up,women-health
step-up-stair,Step-Up (Stair),Step onto a stair; alternate legs.,repetition_based,2,quads|glutes|hamstrings,,"Highly functional exercise that strengthens quadriceps, glutes, and hamstrings through a movement pattern used daily. Improves single-leg balance and stability, helping prevent falls. Builds leg power for climbing stairs, hiking, or getting up from low seats. The unilateral nature helps identify and correct strength imbalances between legs. Excellent for maintaining independence in daily activities, especially important for older adults. Can also improve cardiovascular fitness when performed at higher tempo.","Avoid if you have acute knee pain or recent knee injury. Start with a lower step (4-6 inches) if you have knee concerns, then progress to standard stair height. Ensure the step is stable and non-slip. If balance is an issue, perform near a railing or wall for support. Those with hip problems should ensure full range is pain-free. Stop if you feel sharp pain in knees or hips.",chair-squat|calf-raises,women-health
neck-rolls,Neck Rolls,Gentle circular neck movement.,repetition_based,2,flexibility|mobility,,"Relieves tension and stiffness in neck muscles caused by poor posture, desk work, or stress. Improves neck mobility and range of motion through gentle circular movement. Increases blood flow to neck muscles, which can reduce headache frequency. Helps release trigger points in upper trapezius and neck muscles. Particularly valuable for desk workers, drivers, or anyone who holds static neck positions for extended periods.","Avoid if you have acute neck injury, whiplash, or severe cervical spine issues. Move very slowly and gently—never force the movement or make it ballistic. If you feel dizziness, stop immediately and consult a healthcare provider. Those with disc problems in the neck should get clearance before doing full circles; may need to do partial range movements instead. Stop if you feel sharp pain, numbness, or tingling.",shoulder-rolls|seated-spinal-twist,women-health
shoulder-rolls,Shoulder Rolls,Circle shoulders forward and back.,repetition_based,2,shoulders|mobility,,"Releases tension in the upper trapezius, levator scapulae, and surrounding shoulder muscles that accumulate from poor posture, stress, or prolonged sitting. Improves shoulder mobility and range of motion through gentle circular movement in multiple planes. Increases blood flow to shoulder muscles, which can help reduce stiffness and the heavy feeling that develops during desk work. Can help prevent headaches caused by shoulder and neck tension. Particularly valuable for desk workers, drivers, or anyone who holds static shoulder positions for extended periods. The rhythmic rolling motion also has a calming, meditative effect that can reduce stress levels.","Avoid if you have active shoulder impingement, bursitis, or acute shoulder inflammation without medical clearance. Move slowly and smoothly—never force the movement or make it rapid/jerky as this can strain the joint. If you feel clicking, grinding, or sharp pain in the shoulder joint, reduce the range of motion or stop. Those with rotator cuff tears or significant shoulder instability should move very gently within comfortable range. Never push through sharp pain. People with frozen shoulder should work with a physical therapist on appropriate range. The movement should feel releasing, not painful.",neck-rolls|cat-cow,"women-health,women-health"
seated-spinal-twist,Seated Spinal Twist,"Seated, gently twist torso.",time_based,20,flexibility|core|obliques|back,,"Improves spinal rotation and flexibility, essential for daily movements like reaching behind you or looking over your shoulder. Gently stretches the muscles along the spine, obliques, and intercostals (muscles between ribs). Can help improve posture by counteracting forward-hunched positioning from sitting. May aid digestion through gentle compression and massage of abdominal organs. Often provides relief from bloating during menstruation. Releases tension in mid and upper back.","Avoid if you have herniated discs, severe spinal stenosis, or acute back injury. Move gently and never force the twist—stop at your natural range. If you have osteoporosis, check with a healthcare provider as twisting movements can pose risk. Those with hip replacements should ensure the twist doesn't stress the hip. Stop if you feel sharp pain, numbness, or tingling down the legs.",neck-rolls|shoulder-rolls,women-health
hamstring-stretch,Hamstring Stretch,Extend leg and hinge forward to stretch hamstrings.,time_based,25,flexibility|hamstrings|back,,"Lengthens tight hamstring muscles, which often become shortened from prolonged sitting. Improves flexibility in the posterior chain (hamstrings and lower back), enhancing mobility for daily activities like bending, lifting, or walking. Better hamstring flexibility can reduce lower back pain by allowing proper hip hinge mechanics. Supports better posture and reduces risk of hamstring strains during physical activity. Particularly important for maintaining mobility as we age.","Avoid if you have acute hamstring tear or recent hamstring injury—allow proper healing time first. Never bounce in the stretch; use static or very gentle dynamic movement only. If you have lower back issues, be cautious not to round your spine excessively; hinge from hips with relatively flat back. Those with sciatica should stretch gently and stop if symptoms increase. Tight hamstrings are common; don't force into pain.",calf-stretch|quad-stretch,women-health
calf-stretch,Calf Stretch,Push against wall with heel down.,time_based,25,flexibility|calves,,"Stretches the gastrocnemius and soleus muscles of the calf, which often become tight from walking, running, or standing. Improves ankle dorsiflexion range of motion, essential for squatting, climbing stairs, and walking uphill. Better calf flexibility can reduce risk of Achilles tendon injuries and plantar fasciitis. Helps alleviate calf cramps and soreness. Particularly helpful after wearing high heels or after long periods of standing. Supports better balance and gait mechanics.","Avoid if you have acute Achilles tendinitis or recent Achilles rupture—allow proper healing first. If you have plantar fasciitis, proceed gently as aggressive calf stretching can sometimes aggravate symptoms. Never bounce in the stretch. Those with calf strains should wait until healed before stretching. Start gently if calves are very tight or cramping. Stop if you feel sharp pain in the Achilles tendon.",hamstring-stretch|quad-stretch,women-health
quad-stretch,Quad Stretch,Stand and pull ankle to glutes; keep knees together.,time_based,25,flexibility|quads|balance,,"Stretches the quadriceps muscles at the front of the thigh, which often become tight from activities like running, cycling, or sitting. Improves hip flexor and knee mobility, important for proper squat mechanics and daily movements. The single-leg stance challenges and improves balance. Better quad flexibility can reduce knee pain and improve posture by preventing anterior pelvic tilt. Helps maintain healthy knee mechanics and reduces risk of quad strains during activity.","Avoid if you have acute knee pain, recent knee injury, or patellar tendinitis. If you have balance issues, perform near a wall or hold onto a chair for support. Those with very tight quads may feel uncomfortable—don't force it; bend the standing leg slightly if needed. If you feel pain in the kneecap or front of knee (not a stretch sensation), ease off. People with hip replacements should check with their surgeon about hip flexion limits.",hamstring-stretch|calf-stretch,women-health
hip-opener,Hip Opener (Butterfly),Seated butterfly stretch; soles together; knees open.,time_based,25,flexibility|hips,,"Opens the hips and stretches inner thigh muscles (adductors), which often become tight from sitting or activities like cycling and running. Improves hip mobility and external rotation, essential for many daily movements and exercises. This gentle stretch can help reduce lower back tension by improving hip flexibility. The relaxing nature of the stretch can reduce stress and promote calm. Often provides relief from menstrual cramps and pelvic tension. Helps prepare hips for activities requiring mobility.","Avoid if you have groin strain, hip impingement, or acute hip pain. Never force knees toward the floor—let gravity and time do the work. If you have very tight hips, sit on a cushion or folded blanket to elevate your hips slightly. Those with hip replacements should check with their surgeon about safe hip positions. Stop if you feel sharp pain in hips or groin. Inner knee discomfort means you're pushing too hard.",cat-cow|glute-bridges,women-health
chest-opener,Chest Opener,Clasp hands behind back and open chest.,time_based,25,flexibility|chest|shoulders,,"Stretches the pectoralis major and minor (chest muscles) which often become shortened and tight from prolonged sitting, computer work, driving, or any forward-hunched activities. Opens up the chest and front of shoulders, directly counteracting the rounded-shoulder posture that develops from desk work. Improves posture by encouraging the shoulders to sit back in their proper position and the chest to open. Can significantly improve breathing capacity by expanding the ribcage and reducing restriction across the chest. Helps relieve upper back pain that often results from compensating for tight chest muscles. Particularly valuable for improving shoulder mobility and reducing the risk of shoulder impingement. The stretch creates an immediate feeling of openness and can improve mood and energy.","Avoid if you have active shoulder injuries, rotator cuff tears, or acute shoulder pain without medical clearance. Those with shoulder impingement should be very gentle and may need to modify by not clasping hands fully behind back. If you can't comfortably bring your hands together behind your back, use a towel or strap between your hands to bridge the gap—never force the position. People with very tight chest muscles may feel significant discomfort initially; start with shorter holds (10-15 seconds) and build gradually. Stop immediately if you feel sharp pain, numbness, or tingling in arms. Those with shoulder instability should move cautiously. Pregnant women in later stages may find this uncomfortable due to posture changes.",shoulder-rolls|arm-circles,women-health
side-stretch,Side Stretch,Reach arm overhead and bend to the side.,time_based,20,flexibility|obliques|back,,"Lengthens the lateral muscles of the torso including obliques, intercostals (muscles between ribs), and latissimus dorsi. Improves lateral flexion of the spine, which is often neglected in daily movements. Opens up the side body, creating space in the ribcage for deeper breathing. Can help improve posture by counteracting the forward slump from desk work. Often provides relief from bloating and menstrual cramps through gentle stretching of abdominal muscles. Releases tension in the lower back and sides.","Avoid if you have acute lower back pain, especially pain that radiates. Move gently and never force the stretch—stop at your natural range. If you have osteoporosis, be cautious with spinal flexion movements. Those with shoulder issues should keep the reaching arm lower or skip if painful. Don't lean forward or back—keep the stretch purely lateral. Stop if you feel sharp pain or discomfort.",seated-spinal-twist|cat-cow,women-health
marching-in-place,Marching in Place,March on the spot; lift knees.,time_based,60,cardio|legs,,"Low-impact cardiovascular exercise that gently raises heart rate and improves circulation throughout the body. Excellent for warming up muscles before exercise or for gentle cardio on rest days. Engages hip flexors, quads, and core muscles. Helps combat fatigue by increasing blood flow and oxygenation. Particularly beneficial during PMS when energy is low—it can boost mood and reduce fatigue. Safe for most fitness levels and requires no equipment. Can help reduce leg swelling from prolonged sitting.","Avoid if you have acute hip or knee pain that worsens with movement. If balance is a concern, perform near a wall or counter for support. Those with very low fitness should start with just 20-30 seconds and build up. If you feel dizzy, slow down or take a break. People with joint replacements should ensure movements are pain-free. Not suitable during acute injury flare-ups.",arm-circles|step-touch,women-health
step-touch,Step Touch,Step side-to-side; light touch.,time_based,60,cardio|legs,,"Gentle cardiovascular exercise that raises heart rate without high impact. Improves coordination and rhythm through side-to-side movement. Engages hip abductors and legs while being easy on the joints. Excellent for maintaining cardiovascular fitness when recovering from injury or during low-energy days. Can improve lateral movement patterns and agility. Safe and accessible for most fitness levels, including beginners, older adults, and those with joint concerns.","Avoid if you have severe hip or knee pain that worsens with lateral movement. If balance is an issue, reduce the range of stepping or perform near a support. Those with acute ankle sprains should wait until healed. Not suitable during severe arthritis flare-ups. Generally very safe, but stop if you feel any sharp joint pain. Wear supportive footwear if on hard surfaces.",marching-in-place|arm-circles,women-health
jumping-jacks-modified,Jumping Jacks (Modified),Step side and raise arms (no jump).,time_based,30,cardio|legs|shoulders,,"Provides cardiovascular benefits of jumping jacks without the high impact of jumping. Elevates heart rate while being gentle on joints, making it accessible for seniors, those with joint issues, or anyone recovering from injury. Engages both upper and lower body simultaneously through coordinated arm and leg movements. Improves coordination and balance. Strengthens shoulders and legs through repeated motion. Excellent for maintaining fitness during periods when high-impact exercise isn't appropriate.","Avoid if you have severe hip, knee, or shoulder pain. Even without jumping, lateral stepping may aggravate some joint conditions—modify range as needed. If shoulder mobility is limited, reduce arm range or keep hands lower. Those with balance concerns should perform near a wall or chair for support. Stop if you feel any joint pain or excessive fatigue. Generally very safe due to low-impact nature.",marching-in-place|step-touch,women-health
side-steps-cardio,Side Steps,Rhythmic side-to-side stepping.,time_based,60,cardio|glutes|legs,,"Combines cardiovascular conditioning with lateral movement training. Specifically targets the gluteus medius and hip abductors, which are crucial for hip stability and preventing knee problems. Improves coordination and lateral agility through rhythmic side-to-side motion. Low-impact nature makes it joint-friendly while still elevating heart rate. Helps strengthen stabilizing muscles that are often weak and can contribute to falls. Particularly beneficial for seniors and those focusing on functional fitness. Can help improve walking stability and balance.","Avoid if you have acute hip or knee pain that worsens with lateral movement. Those with ankle instability should move carefully and may need ankle support. If balance is a concern, reduce the size of steps or perform near a wall for support. People with hip bursitis should check if lateral movements aggravate symptoms. Stop if you feel sharp pain in hips, knees, or ankles. Generally very safe due to controlled, low-impact nature.",marching-in-place|step-touch,women-health
seated-cardio-arm-pumps,Seated Cardio (Arm Pumps),Seated marching with arm pumps.,time_based,60,cardio|shoulders,,"Provides cardiovascular benefits and raises heart rate while remaining seated, making it accessible for people with mobility limitations, recent surgery, or severe joint issues. Engages upper body muscles including shoulders, arms, and upper back through the pumping arm movements. Activates hip flexors and core through the marching motion. Excellent for improving circulation in the legs, which is particularly important during long periods of sitting like flights, car trips, or desk work—helps prevent blood pooling and reduces risk of deep vein thrombosis (DVT). Increases energy levels and combats fatigue without requiring standing or complex movements. Particularly valuable for older adults, postoperative patients, wheelchair users, or anyone with lower-body limitations who still wants to maintain cardiovascular fitness. Can help reduce leg swelling and the heavy feeling from prolonged sitting.","Avoid if you have severe shoulder pain, rotator cuff tears, or acute upper-body injuries that worsen with arm movement. Those with very low cardiovascular fitness or recent cardiac events should start with just 20-30 seconds and gradually build duration. If you have uncontrolled high blood pressure, monitor intensity and stop if you feel dizzy, lightheaded, or experience chest discomfort. People with severe balance issues should ensure their chair is stable and won't tip. Those recovering from surgery should get medical clearance about appropriate intensity and whether this exercise is safe for their recovery stage. Stop if you experience unusual shortness of breath, chest pain, or dizziness. Generally very safe due to seated, low-impact nature.",seated-spinal-twist|arm-circles,"women-health,women-health"
dance-moves-basic,Dance Moves (Basic),Simple rhythmic steps to music.,time_based,90,cardio|full-body|flexibility,,"Improves mood, cardio, and flexibility.",Avoid with dizziness.,arm-circles|side-steps-cardio,women-health
heel-to-toe-walk,Heel-to-Toe Walk,"Walk in a straight line, heel to toe.",repetition_based,1.2,balance|legs|core,,"Significantly improves balance, coordination, and proprioception (body awareness in space) through a challenging narrow base of support. Strengthens stabilizing muscles in the ankles, knees, hips, and core that are essential for preventing falls. Highly functional exercise that directly translates to better balance during daily activities like walking on uneven surfaces, navigating stairs, or catching yourself if you trip. Particularly valuable for fall prevention in older adults—studies show that balance training like heel-to-toe walking can reduce fall risk by up to 30%. Helps improve gait (walking pattern) and stride length, which often decline with age. Engages the vestibular system (inner ear balance), visual system, and proprioceptive system simultaneously, training all three balance systems. Can help identify balance issues early—if you find this very difficult, it may indicate need for more balance training or medical evaluation.","Avoid if you have active vertigo, severe dizziness, or inner ear problems without medical clearance—this narrow walking pattern can trigger symptoms. Those with significant balance impairments, recent falls, or fear of falling should perform this exercise near a wall, railing, or with a spotter where they can reach for support if needed. Not suitable during acute ankle sprains or knee injuries when weight-bearing is painful. People with neuropathy (numbness in feet) should be very cautious as reduced foot sensation makes balance more challenging. Those with significant vision problems should ensure the path is clear and well-lit. Stop immediately if you feel dizzy, lose your balance repeatedly, or experience unusual symptoms. Start with just 5-6 steps and build gradually—this is harder than it looks.",single-leg-stand|calf-raises,"women-health,women-health"
balance-hold-arm-raise,Balance Hold with Arm Raise,Single-leg balance while raising arms overhead.,time_based,18,balance|legs|core|shoulders,,"Improves balance, posture, and strength.",Avoid with shoulder pain.,calf-raises|arm-circles,women-health
tandem-balance,Tandem Balance,Stand heel-to-toe and hold balance.,time_based,25,balance|legs|core,,Improves balance and focus.,Avoid with dizziness.,single-leg-stand|heel-to-toe-walk,women-health
chair-posture-hold,Chair Posture Hold,Sit upright with neutral spine; hold posture.,time_based,45,core|back,,Improves posture awareness and core endurance.,Avoid with acute back pain.,seated-spinal-twist|shoulder-rolls,women-health
pelvic-tilts,Pelvic Tilts,Lie on back; gently tilt pelvis upward.,repetition_based,2,core|back,,"Gentle exercise that strengthens deep core muscles and lower back while improving pelvic alignment. Helps develop awareness of pelvic positioning and spinal movement. Excellent for postpartum recovery, helping reconnect with core muscles and pelvic floor after pregnancy and delivery. Can alleviate lower back pain by teaching proper pelvic positioning and engaging core stabilizers. Improves posture by addressing anterior pelvic tilt. The rocking motion can provide gentle relief for lower back tension and stiffness. Strengthens the connection between breath and core engagement.","Avoid during acute lower back pain flare-ups or spinal injury—wait until symptoms subside. If lying flat causes discomfort, place a pillow under knees for support. Those with sacroiliac joint dysfunction should move gently and stop if it aggravates symptoms. Pregnant women should get clearance, especially in later stages. If you feel any sharp pain or discomfort, reduce range of motion or stop. Generally very safe and gentle when performed correctly.",glute-bridges|cat-cow,women-health
kegel-exercise,Kegel Exercise,Contract and relax pelvic floor muscles.,repetition_based,1.5,core,,Strengthens pelvic floor.,Avoid with urinary infection.,pelvic-tilts|glute-bridges,women-health
gentle-yoga-menstrual,Gentle Yoga Flow (Menstrual),Light sequence of relaxing yoga poses.,time_based,480,flexibility|core|back,,Relieves cramps and promotes relaxation.,Avoid if pain is severe; consult clinician.,cat-cow|seated-spinal-twist,women-health
breathing-exercise,Breathing Exercise,Slow deep belly breathing.,time_based,150,core,,Reduces stress; improves oxygenation.,Stop if dizziness occurs.,gentle-yoga-menstrual|seated-spinal-twist,women-health
prenatal-stretch,Prenatal Stretch,Gentle hip/leg stretches suitable for pregnancy.,time_based,480,flexibility|hips|legs|back,,Relieves common pregnancy discomforts.,Only with clinician approval.,pelvic-tilts|breathing-exercise,women-health
postnatal-core,Postnatal Core,Gentle core re-activation sequence.,repetition_based,2,core|back,,Helps restore core strength postpartum.,Avoid too soon after birth; seek clearance.,pelvic-tilts|glute-bridges,women-health
lying-back-extension,Lying Back Extension,Lie face down and lift your upper body off the floor by contracting your lower back muscles.,repetition_based,,lower-back|glutes|core,,"Strengthens the lower back (erector spinae) and glutes, which helps improve posture and spinal support. Builds foundational back strength for more demanding exercises, and can reduce risk of lower back pain by targeting key stabilizer muscles.","Avoid overextending the spine or jerking upwards, which can strain the back. Keep movements controlled. Individuals with existing lower back injuries should start with gentle range of motion or consult a professional before doing this exercise.",bird-dog|glute-bridges,women-health
front-plank-toe-tap,Front Plank Toe Tap,"Hold a forearm plank position while alternating each foot out to the side and back in, tapping the toe on the floor.",time_based,30,core|abs|shoulders|glutes,,"Engages the entire core with added emphasis on the obliques and deep stabilizers due to the leg motion. The alternating toe taps also activate glutes and hip abductors, and involve upper-body stabilization (shoulders and arms), making it a more challenging plank variation for improved core strength and balance.","Maintain a stable trunk; avoid rotating or lifting your hips as you move your foot, which can compromise form. Those with shoulder or lower back issues should be cautious and may need to perform a basic plank instead. Quality is more important than speed; perform taps slowly to keep the core engaged.",plank|side-plank,women-health
plank-cross-body-touch,Plank Cross Body Touch,"From a front plank position, lift one hand to reach toward the opposite foot, tapping if possible, then return to plank and alternate sides.",repetition_based,,core|obliques|shoulders|hips|lower-back,,"Strengthens the entire core with emphasis on obliques and deep stabilizers while also engaging shoulders and hips. The cross-body reach improves coordination, balance, and rotational stability. Helps build functional strength useful for sports, daily movement, and posture control.","Requires solid plank stability and shoulder control. People with wrist, shoulder, or lower-back issues should modify by limiting reach range or performing from a high plank on an elevated surface. Avoid rotating excessively—keep hips aligned and core braced to prevent lower-back strain.",front-plank-toe-tap|bird-dog|plank,general-fitness
crab-twist-toe-touch,Crab Twist Toe Touch,"From a crab bridge position, lift one hand to touch the opposite foot, twisting your torso, then alternate sides.",repetition_based,,core|obliques|shoulders|glutes|triceps,,"This full-body move builds core strength (especially the abs and obliques) while also working glutes and shoulders. It improves stability and coordination as you balance on one hand and opposite foot, and increases flexibility through the twisting motion and hamstring reach. Also elevates heart rate, adding a mild cardio component.",Requires shoulder and wrist stability; those with shoulder or wrist problems should modify (keep hips lower or limit range of reach). Avoid dropping hipskeep your glutes engaged to maintain the bridge. Move in a controlled manner to avoid strain; don't worry if you can't touch your toe at first (reach as far as comfortable).,crab-twist-toe-touch|bird-dog,women-health
standing-side-crunch,Standing Side Crunch,"Stand upright and bend sideways at the waist, bringing your upper body toward your hip on one side, then return to center and repeat on the other side.",repetition_based,,core|obliques|abs,,"Emphasizes the oblique muscles by working them through lateral flexion of the spine. This exercise helps strengthen the sides of your abdominals, contributing to a more stable core and better side-bending mobility. Because it's done standing, it also engages your legs slightly for balance and can improve functional movement (bending to the side) useful in daily activities.","Avoid leaning forward or backward the movement should be purely sideways. Do not jerk or bounce; use a controlled motion to prevent strain in the lower back. Individuals with lower back issues should bend only within a comfortable range. If balance is an issue, you can do this near a wall for support.",side-stretch|standing-side-crunch,women-health
bodyweight-side-squat-step,Bodyweight Side Squat Step,"Step out to the side into a squat, lowering your hips back and down, then push back up and step feet together. Alternate or repeat on the same side as required.",repetition_based,,quads|glutes|hamstrings|adductors,,"Strengthens the major muscles of the lower body, particularly the quadriceps, glutes, and hamstrings, while also engaging the inner thighs (adductors) due to the lateral movement. Side squats improve hip and groin flexibility and develop lateral movement capability, which is often neglected. This exercise can help balance muscle development between inner and outer thighs and enhance stability in side-to-side motions.","Keep your knee tracking in line with your toes when you squat to the side (do not let it cave inward). Those with knee issues should start with a shallow squat or smaller step. Maintain an upright chest and flat back to avoid back strain. If balance is difficult, perform the movement with a shorter step or hold onto a stable object for support.",lunges|standing-side-crunch,women-health
hip-roll-plank,Hip Roll Plank,"From a forearm plank, rotate your hips and lower one side toward the floor, then lift back up and rotate to the other side (plank hip dips).",repetition_based,,core|obliques|abs|shoulders,,"Targets the obliques by adding a twisting motion to a standard plank, thus strengthening the sides of the core and improving spinal mobility in a controlled manner. Also challenges the deep core stabilizers and lower back as you fight to keep control during each dip. Shoulders and upper body benefit from holding the plank position throughout, building endurance in those areas. Overall, it enhances core stability with an element of rotational strength.","Ensure the movement comes from your hips and core, not by swinging your arms. Avoid letting your hips sag too low as you rotate, which can strain the lower back maintain a slight tuck of the pelvis. Individuals with lower back or spine issues should twist only within a pain-free range or omit the rotation. As this is an advanced plank variation, build a solid basic plank first.",side-plank|bicycle-crunches,women-health
bodyweight-pulse-squat,Bodyweight Pulse Squat,Lower into a squat and hold the bottom position while performing small pulses up and down.,repetition_based,,quads|glutes,,"Keeps constant tension on the quadriceps and glutes, which helps build muscular endurance and a deep burn that can contribute to muscle toning. Pulse squats also improve your ability to maintain proper squat form under fatigue and strengthen the muscles and connective tissues around the knees through the extended time under tension. This exercise is excellent for finishing off a leg workout to fully fatigue the thighs.","Pulsing in a deep squat can be tough on the knees if done excessively or with poor form ensure your knees are tracking in line with your toes and not jutting far past them. Keep the range of the pulse moderate (avoid bouncing at the extreme bottom). Individuals with knee pain should use a higher squat position or avoid pulses. As with any squat, maintain a neutral spine (chest up, back flat).",wall-sit|squats,women-health
side-plank-rotation,Side Plank Rotation,"Begin in a side plank (forearm on the ground). Rotate your torso downward, reaching your top arm under your body, then rotate back to side plank with your top arm raised.",repetition_based,,core|obliques|shoulders,,"Combining a side plank with a twisting motion strengthens arms, shoulders, and obliques. It enhances core stability and upper body strength by adding dynamic rotation to the side plank.","This is an advanced exercise; you should be comfortable holding a basic side plank first. Avoid dropping your hips as you rotate maintain a straight line. Those with shoulder issues should proceed cautiously, as the supporting shoulder bears significant load (consider doing it on your elbow or lowering the hips for a modification). Control the rotation to avoid torqueing the lower back.",plank|bicycle-crunches,general-fitness
kneeling-backward-hip-circles,Kneeling Backward Hip Circles,"On hands and knees, extend one leg back and make large circular motions with that leg going backward, making hip circles.",repetition_based,,glutes|hips|core,,"Increases hip joint mobility by taking the hip through a wide range of motion. It warms up and loosens the gluteal muscles and hip rotators, which can improve performance in squats, kicks, and other lower-body exercises. This move also engages the core for stability (preventing torso movement as the hip moves), thereby gently strengthening abdominal muscles and lower back in a stabilizing role. Overall, it aids in improving hip flexibility and can help reduce stiffness in the hip and lower back region.","Keep the rest of your body still; avoid swaying your lower back or shoulders as you make the circle the motion should isolate the hip. If you have hip impingement or pain, make smaller circles within a comfortable range. Ensure your supporting knee is on a cushioned surface to avoid discomfort. People with knee issues can place a pad under the knee or perform a standing version (leg swings) if kneeling is problematic.",cat-cow|high-knees,general-fitness
lying-floor-abduction,Lying Floor Abduction & Adduction,Lie on your back with legs extended up toward the ceiling and open your legs outward (abduction) then bring them back together (adduction).,repetition_based,,adductors|hips|core,,"Strengthens the inner thigh muscles (adductors) as they work to pull the legs back together against gravity. Also engages the outer hip muscles during the opening phase and challenges the lower abs and core to stabilize the pelvis while the legs move. This exercise can improve hip flexibility and stability, and tone the inner thighs, which supports better knee alignment and overall leg strength.","Press your lower back into the floor as much as possible to protect your spine if you feel your back arching or straining, limit the range of motion or bend your knees slightly. Avoid rapid or uncontrolled leg movements; move smoothly to prevent groin strain. If any pain in the hips or lower back occurs, reduce range or discontinue.",glute-bridges|lying-floor-abduction,general-fitness
balance-board,Balance Board,"Stand on a balance board and try to maintain your balance, keeping the board as level as possible.",time_based,30,core|legs,,"Improves proprioception (body awareness) and balance by engaging the stabilizer muscles in your ankles, knees, and hips. Strengthens the lower leg muscles (ankles and calves) and activates the core as you constantly adjust to keep the board level. Regular practice can help prevent ankle injuries and improve overall coordination, benefiting athletic activities and everyday stability (like walking on uneven ground).",Ensure the area around you is clear of hazards in case you step or fall off. Beginners should use a support (like a wall or chair) nearby to grab if needed. People with vestibular (inner ear) issues or who easily get dizzy should be cautious. Avoid locking your knees; keep a soft bend to better absorb movements. Progress gradually: start with shorter duration and increase as your balance improves.,single-leg-stand|single-leg-stand,general-fitness
hip-swirls,Hip Swirls,"Stand with feet shoulder-width apart and hands on hips. Rotate your hips in a wide circular motion (like doing a hula-hoop) in one direction for several rotations, then repeat in the opposite direction.",repetition_based,,flexibility|hips|lower-back,,"Increases flexibility and mobility in the hip joints and lumbar spine by gently moving through a full range of motion. Helps to loosen tight lower back and hip muscles, which can alleviate stiffness and improve posture. This movement also engages the core lightly as it works to stabilize the torso during the circular motion. As a warm-up, hip circles prepare the body for more intense lower-body activities and can reduce risk of injury by promoting joint lubrication and muscle elasticity.","Avoid making fast, jerky movements the circles should be smooth and controlled to prevent any pinching or strain in the lower back. If you feel pain in the hips or back, reduce the range of motion. Those with balance issues can do this with a light fingertip support on a wall. Keep your feet planted firmly and knees slightly relaxed (not locked) during the movement.",standing-side-crunch|high-knees,general-fitness
push-up-jack,Push-Up Jack,"Combine a push-up with a jumping jack motion of the legs: from plank, do a push-up while jumping feet out and in.",repetition_based,,chest|shoulders|triceps|core|legs,,"Combines upper-body strength (push-up works chest, shoulders, triceps) with a cardio and leg component (jumping jack motion engages glutes, thighs, and raises heart rate). It's a full-body movement that improves muscular endurance and explosiveness while burning more calories than standard push-ups by recruiting multiple muscle groups and the cardiovascular system. Great for HIIT or bootcamp routines, it builds functional strength and conditioning simultaneously.","This is a high-impact, advanced move; ensure you can do solid push-ups first. Maintain proper push-up form (flat back, core engaged) even as you jump the feet do not let hips sag or pike excessively. If you have wrist or shoulder issues, use push-up bars or perform on an incline to reduce strain, and step feet out one at a time instead of jumping. Land softly on your toes to cushion impact. Stop if form deteriorates (e.g., shoulders collapsing or lower back straining). Keep the movement controlled; avoid letting momentum slam your elbows at lockout.",burpees|mountain-climbers,general-fitness
hip-crunch,Hip Crunch,"Lie on your back with knees bent at 90° (shins parallel to floor). Use your lower abs to lift your hips and tailbone off the floor in a small crunching motion, then lower back down.",repetition_based,,abs|core|hip-flexors,,"Primarily targets the lower portion of the rectus abdominis by curling the hips upward. Strengthens the muscles that tilt the pelvis, which can contribute to better core stability and help flatten the lower belly. It also engages the hip flexors slightly, and by lifting the hips, it reduces neck strain typical of regular crunches. Over time, hip crunches can improve pelvic control and are useful for developing a strong mind-muscle connection with the lower abs.","Avoid using momentum (like swinging your legs); the lift should be driven by your abdominal contraction. Keep the movement small; you only need to lift your hips a few inches. Place your hands on the floor beside you for stability but do not push down excessively with them. If you have lower back issues, ensure your movement is slow and controlled, and stop if you feel discomfort. Breathe properly (exhale as you lift hips, inhale as you lower) to avoid holding breath and straining.",bicycle-crunches|dead-bug,general-fitness
shin-box,Shin Box Switch,"Sit on the floor with one leg bent in front (90) and the other bent behind (90). Keep torso tall and rotate both legs to the other side, switching the 90/90 position to the opposite side. Repeat fluidly.",repetition_based,,flexibility|hips|glutes,,"Improves hip mobility by working both external rotation (front leg) and internal rotation (back leg) through the switching motion. Gently stretches and strengthens muscles around the hips and glutes, potentially reducing stiffness. Also engages core muscles for stability as you transition, helping with coordination. Regular practice can lead to better range of motion for activities like squatting and sitting cross-legged, and reduce lower back strain by addressing hip tightness.","If very tight in the hips, use hands behind you for support as you switch to avoid falling back. Avoid forcing knees to the ground; work within your comfortable range and let mobility increase over time. If you have knee discomfort, adjust the angles (not a perfect 90/90) or place padding under knees. Move slowly and with control; the goal is mobility, not speed or brute force. It's normal if both knees don't touch the ground initially; don't push down on them.",forward-fold|forward-fold,general-fitness
standing-side-crunch-elbow-to-knee,Standing Side Crunch (Elbow to Knee,"Standing, bring one elbow down and the same-side knee up to meet at your side, crunching the obliques. Return to standing and repeat on the other side.",repetition_based,,core|obliques|abs,,"Works the obliques through lateral flexion combined with a crunch, helping to tighten and strengthen the side abdominal wall. Lifting the knee engages the hip flexors and lower abs, and doing it standing challenges balance and engages stabilizers. This exercise improves functional core strength for movements involving side bending or knee lifting. It can also lightly elevate heart rate when done briskly, adding a small cardio element.","Maintain good posture: avoid hunching forward as you bring elbow to knee; the movement is directly sideways. If balance is an issue, you can perform the crunch motion without lifting the foot fully off the ground (just sliding the foot inward). Avoid yanking on your neck with your hand (if hand is behind head) keep the tension in the obliques. Move in a controlled way to prevent any jerking that might tweak the lower back. If you have lower back problems, do a smaller range of motion to be safe.",high-knees|standing-side-crunch,general-fitness
seated-circle-leg-crunch,Seated Circle Leg Crunch,Sit on the floor leaning back slightly (hands on floor for support). Lift both legs off ground and trace a circle in the air with your feet (moving legs together in a circular motion). Reverse direction after reps.,repetition_based,1,core|abs|obliques|hip-flexors,,"Engages the entire core with emphasis on the lower abs and hip flexors as you keep legs elevated. The circular motion recruits the obliques and improves hip mobility and lower abdominal control. It also challenges coordination and balance in a semi-reclined position, requiring core stability throughout. Over time, it can increase lower abdominal strength, improve coordination of the hip flexors with the abs, and enhance overall core endurance. Its a dynamic move that also lightly works the lower back stabilizers as they prevent you from tipping over.","Keep the movement controlled; don't swing your legs wildly as that could strain the lower back. If you feel back discomfort, lean back slightly more and ensure your core is braced, or make smaller circles. If needed, allow your hands to provide more support (closer to your hips) or slightly bend your knees to reduce leverage. Those with hip flexor tightness might fatigue quickly; start with few circles and gradually increase. Breathe continuouslyavoid holding your breath which is common during intense ab moves.",bicycle-crunches|dead-bug,general-fitness
sitting-lotus-pose-hip-horizontal,Sitting Lotus Pose Hip Horizontal Rotation,"Sit in lotus or cross-legged position. Place hands on hips. Rotate your torso/hips in a horizontal circle while keeping spine upright. Do several circles one way, then reverse.",repetition_based,,flexibility|hips|glutes,,"Increases hip joint flexibility by gently mobilizing in circular motions while in an externally rotated position (lotus). Engages and stretches muscles around the hips (glutes, piriformis, deep rotators) and can relieve tension in the lower back and hips. Also promotes an upright posture by requiring you to maintain a straight spine while rotating. This exercise can improve comfort in seated poses (useful in yoga/meditation) and hip mobility for daily movements. It is calming and can reduce stiffness in the hip and lower back region when done slowly and mindfully.","If you cannot sit in full lotus, a simple cross-legged position is fine; do not force your knees down or foot position as that can hurt the knees. Keep the movement gentle this is more of a mobility stretch, not a strength exercise. If you feel pinching in the hips, make smaller circles or stop. Those with hip replacements or significant hip issues should consult a professional before deep rotations like this. Focus on upright posture to avoid slouching which negates some benefits. Discomfort (mild stretch) is okay, but sharp pain is a red flag to stop.",forward-fold|forward-fold,general-fitness
lying-abduction-leg-raise-on-floor,Lying Abduction Leg Raise on floor,"Lie on one side with bottom leg bent and top leg straight. Raise the top leg upward, then lower it back down. Repeat and switch sides.",repetition_based,,glutes|hips|core,,"Strengthens the hip abductor muscles, primarily the gluteus medius and minimus, which are critical for hip stability and knee alignment. Toning these outer hip/thigh muscles can improve balance and support functional movements like walking and side-stepping. Also lightly engages the core to stabilize your torso. This exercise can help improve lateral hip strength, contributing to better knee tracking and injury prevention (for knees and ankles). It's a simple movement effective for shaping the outer thighs and hips.","Avoid swinging the leg or using momentum; lift and lower in a controlled manner to ensure the hip muscles are doing the work. Don't rotate your torso open or back keep hips stacked to target the correct muscles. If you feel strain in your lower back, you may be lifting too high or rolling backward; adjust form. Individuals with hip bursitis or IT band syndrome should start gently as this can aggravate those if overdone use a small range and build up. Keep neck relaxed (you can rest your head on your bottom arm).",glute-bridges|side-plank,general-fitness
side-bridge-bent-leg,Side Bridge (Bent Leg),"Lie on your side with knees bent 90°. Prop up on your forearm and lift hips, creating a straight line from shoulders to knees (knees stay on floor). Hold briefly, then lower. (Modified side plank on knees.)",time_based,20,core|obliques|shoulders,,"Strengthens the lateral core (obliques and quadratus lumborum) with reduced intensity compared to a full side plank, making it great for beginners. Emphasizes proper hip alignment and glute medius engagement with less strain. Builds foundational strength in the sides of the trunk and improves spinal stability. Also engages shoulder stabilizers (in supporting arm) and glutes (to keep hips forward). Regular practice can help balance core strength and is often used to progress toward full side planks or to support lower back health by targeting side-supporting muscles.","Ensure your elbow is directly under your shoulder to avoid shoulder strain. Keep your body in one line from head to knees don't let your hips twist or drop backward. If even this is too challenging, you can start with only a brief hold or with your bottom hip on the floor and just pushing up slightly. Avoid arching your neck; keep it in line with your spine. People with shoulder injuries should be cautious; they might need to do this on an extended arm (hand) or skip until the shoulder is stronger. Breathe throughout; don't hold your breath during the hold.",plank|bird-dog,general-fitness
leg-pull-side,Leg Pull Side,"From a side plank position (on one hand or forearm), lift the top leg straight up and down (like a side plank with leg raise).",repetition_based,,core|obliques|shoulders|hip-flexors|glutes,,"An advanced Pilates exercise that strengthens the core, shoulders, and hip flexors. Combines elements of a plank with side-lying leg raises to improve balance, stability, and strength particularly in the obliques and hip region. Lifting the top leg targets the outer hip (glute medius) and thigh as well. Builds considerable shoulder stability and total-body control, enhancing core and lateral hip strength beyond a basic side plank.","Very challenging master regular side plank and simpler side leg raises first. Keep hips elevated and inline; avoid letting them sag when lifting the leg. The body should remain in one plane (don't roll forward/backward). If balance is an issue, try it on your forearm or with your bottom knee down initially. People with shoulder or wrist problems might need to skip or modify (use forearm or do just side plank holds). Don't swing the top leg; lift with control to avoid yanking on lower back or losing balance. Exhale when lifting the leg to help core engagement.",side-plank|plank,general-fitness
power-clean-thruster,Power Clean Thruster,"Perform a power clean to bring a barbell from floor to shoulders, then immediately do a thruster (front squat + push press overhead).",repetition_based,,quads|glutes|hamstrings|shoulders|triceps|core,,"A highly efficient full-body exercise that develops strength, power, and cardiovascular endurance simultaneously. The power clean portion engages the hips, hamstrings, glutes, back, and arms explosively, while the thruster works the quads, glutes, shoulders, and triceps in a fluid squat-to-press motion. Together, this complex improves coordination and athletic power (triple extension and explosive leg/arm drive). It elevates heart rate, aiding conditioning, and trains the body to move a weight from ground to overhead using nearly every major muscle group.","This is technically demanding; master cleans and thrusters separately first. Use a weight you can handle with good form too heavy can lead to injury especially as you fatigue. Maintain a flat back and engaged core during the clean to protect your spine, and ensure you catch the bar in a strong front rack (elbows up). In the thruster, squat at least to parallel, drive through heels, and lock out overhead without hyperextending your lower back. Those with mobility limitations in shoulders or wrists should address those before attempting full thrusters or modify (e.g., use dumbbells). Always drop the bar if you lose controlbetter to fail safely than risk injury by muscling through bad form. Keep repetitions relatively low to focus on explosive quality.",burpees|push-ups,general-fitness
snatch-high,Snatch High Pull,"With a wide (snatch) grip, explosively pull a barbell from floor to chest height by extending hips and shrugging, keeping elbows high (like the first part of a snatch without the overhead catch).",repetition_based,,hamstrings|glutes|traps|quads|lower-back,,"Develops explosive pulling power and strength in the posterior chain especially hamstrings, glutes, and lower back as well as the upper back and traps which are used to pull the bar high. It reinforces proper snatch technique (powerful hip extension and upright high elbows) for weightlifters, and even for general training it builds upper-body power and trap development. Improves coordination of triple extension (ankles, knees, hips) without the complexity of the full snatch. Over time it increases total body power output, benefiting athletic performance in jumps and pulls, and contributes to upper back strength and shoulder stability by dynamically engaging those regions.","Requires good form to avoid injury: maintain a flat back and keep the bar close to your body; arms should only bend after hip extension is complete (don't turn it into an upright row from the start). Use moderate weights until technique (timing of hip explosion and elbow lift) is mastered. Avoid leaning back or pulling too much with the arms focus on legs and hips doing the work then just guiding with arms. Straps can be used if grip is limiting, but ensure not to sacrifice technique for load. Those with limited shoulder or ankle mobility should work on that concurrently, as proper positioning is important (e.g., start like a deadlift/squat combo). If lower back tightness occurs, lighten the weight and check form (could indicate using back instead of legs).",squats|burpees,general-fitness
press-under,Press Under,"From a barbell on the front rack (shoulders), dip quickly and 'press' yourself under the bar, catching it overhead in a partial squat (as in a push jerk).",repetition_based,,legs|core|shoulders|upper-back|triceps,,"Trains the explosive **drive and catch phase** of lifting overhead (similar to a push jerk) developing upper-body power and speed under the bar. It teaches coordination: rapidly dropping into a squat while locking the bar overhead. Builds strong, stable shoulders and triceps from catching and holding the weight overhead. Also improves core and leg power by using the quick dip and drive from the legs. Essentially, it increases the amount of weight one can put overhead by utilizing the lower body and speed, and enhances athletic qualities like timing and agility.","Complex movement master push press and basic jerks first. Keep torso upright during the dip; if you lean forward, the bar will go out front. Use only a light to moderate weight until timing is perfected; incorrect timing or footwork can cause missed lifts or injury. Your grip and shoulder mobility should allow a quick transition to locked arms if shoulder mobility is lacking, work on that to avoid strain. Those with shoulder impingement should be cautious, as the rapid overhead press can aggravate it. Always use bumper plates or spotters for safety if you need to bail. Land with knees bent to absorb the load, not stiff-legged. Breathe and brace on the dip, but avoid holding breath too long through multiple reps to prevent dizziness.",push-ups|squats,general-fitness
lever-stepper,Lever Stepper,"Use a lever (machine) stepper: stand on the pedals and grip the handles, then perform stepping motion (one foot presses down as the other rises) in a smooth rhythmic manner.",time_based,60,quads|glutes|hamstrings|calves,,"Provides a low-impact cardio workout focused on the lower body. Simulates stair climbing or stepping to strengthen quads, hamstrings, glutes, and calves while raising heart rate. Using the lever handles can also involve the upper body slightly, increasing oxygen demand. Great for improving lower-body muscular endurance and cardiovascular fitness with minimal joint impact. Also improves coordination between arms and legs if handles are moving. It's an effective calorie-burning exercise that also trains functional movement patterns similar to climbing stairs, thereby potentially improving everyday stamina for activities like stair navigation.","Maintain an upright posture and avoid leaning heavily on the handles (if present) using them too much can reduce the exercise's effectiveness and might strain wrists/shoulders. Start with a comfortable stepping rate; too fast can cause you to lose form. If the machine allows resistance adjustments, begin low to get used to the motion. People with knee issues should monitor discomfort the step motion is generally low-impact, but high resistance might aggravate some conditions. As always, stay hydrated and step on center of pedals to avoid any ankle rolling. Keep movements smooth; do not lock knees. And if you feel dizzy or excessive strain, slow down or take a break (especially when first incorporating new cardio equipment).",jumping-jacks|marching-in-place,general-fitness
seated-neck-tap,Seated Neck Tap,Sit upright. Tilt your head to one side and gently tap the side of your neck (just below ear) with your fingertips. Repeat on the other side. (This combines a light stretch with tapping massage.),repetition_based,,flexibility|neck,,"Helps relieve tension in the neck muscles (especially upper trapezius and sternocleidomastoid) by combining a gentle stretch (tilting head) with light percussive massage (tapping). The tapping increases blood flow and can encourage the tight muscles to relax. This can improve neck mobility (side-bending range) and reduce feelings of stiffness or stress-related tightness in the neck and shoulders. It's a simple exercise that promotes relaxation and can be done anywhere, making it useful for quick relief from desk work stiffness or anxiety-related neck tension.","Perform the movement gently the neck is sensitive, so the tilt should be mild (just until a stretch is felt) and the taps should be light finger taps, not slaps. Avoid tapping directly on the spine or front of throat stick to the side muscles. Keep shoulders down while tilting to avoid shrugging and getting less of a stretch. If you have a serious neck condition (like a pinched nerve or cervical spine injury), do not perform without medical advice. Breathe slowly as you do it, since it's as much about relaxation as mobility. If any pain (beyond mild discomfort/stretch) occurs, stop the movement.",neck-rolls|shoulder-rolls,general-fitness
elbow-flexion,Elbow - Flexion (Articulations),"Stand or sit with one arm extended forward, palm up. Bend the elbow, bringing palm toward shoulder (like a biceps curl with no weight), then straighten arm. Repeat slowly.",repetition_based,,mobility|biceps,,"Maintains and improves range of motion in the elbow joint by repeatedly bending and straightening it. Gently engages the biceps and brachialis without weight, promoting synovial fluid movement and blood flow in the elbow. Regular elbow articulations can help prevent stiffness, especially important if you've been immobilized or after long periods of desk work. It's useful as a warm-up before resistance exercises (like curls or push-ups) to 'grease' the elbow joint. Also valuable in rehabilitation to restore normal elbow movement post-injury. Overall, it primes the elbow for activity and can help detect any soreness or tightness before loading the joint.","Move through a pain-free range: if you have an injury or arthritis and full flexion/extension hurts, only go as far as comfortable. Don't force the elbow to fully lock out if it causes hyperextension discomfort; just straighten to normal. Keep shoulder relaxed; only the forearm should move (avoid swinging your whole arm). Because it's easy, some might go very fast but control is better to actually warm the joint. Those with very loose joints should avoid snapping the elbow straight to prevent overstretching. Breathe normally and don't hold your breath (people sometimes do even in simple moves).",arm-circles|arm-circles,general-fitness
side-kick-burpee,Side Kick Burpee,"Do a standard burpee (squat down, jump to plank, push-up optional, jump feet back in) and as you stand up, throw a side kick with one leg. Alternate the kicking leg each burpee.",repetition_based,,quads|glutes|shoulders|core,,"Combines the full-body conditioning of a burpee with a martial-arts-style side kick for added leg power and lateral core engagement. Great for cardiovascular endurance and calorie burn, as burpees elevate heart rate rapidly. The side kick specifically works the hip abductors (glute medius), quads, and core (for stability during the kick) while also improving balance and agility. This move increases functional strength by training explosive leg power in the kick and total-body coordination. It's a high-intensity exercise that develops athleticism (the ability to go from ground to jumping to kicking) and can spice up a burpee routine by adding variety and an extra challenge to the legs and core.","High-intensity and complex: ensure you can do burpees with good form and have basic kicking technique before combining. When kicking, don't lock your knee at full extension extend it forcefully but under control to avoid joint strain. Pivot on the supporting foot and lean slightly away when kicking for balance (like proper kick technique). Those with knee or ankle issues should step back instead of jump back in the burpee and perform a low chamber kick rather than explosive high kick. Do not sacrifice form for speed; a sloppy kick or burpee can lead to injury. If space is an issue, be very mindful of your surroundings when kicking. As this is plyometric, make sure you're warmed up and land softly in each phase to protect joints.",jumping-jacks|mountain-climbers,general-fitness
butterfly-pull-up,Butterfly Pull-up,"Hang from a pull-up bar and perform kipping pull-ups with a continuous circular motion (the 'butterfly' technique), allowing for faster, cyclic reps using hip momentum.",repetition_based,1,lats|biceps|upper-back|core,,"Allows faster cycling of pull-ups, useful in CrossFit-style workouts to achieve more reps quickly. Primarily still works the latissimus dorsi, biceps, and upper back like a pull-up, but by using a cyclic kip, it also heavily engages the core and hip flexors to generate momentum. The benefit is improved muscular endurance and grip endurance you can do more pull-ups before fatigue by distributing effort. It also trains coordination and rhythm. While not as strict-strength-building as dead-hangs, butterfly pull-ups build a kind of functional stamina and teach efficient body movement. They are particularly useful for competitive fitness scenarios where economy of motion is key. Over time, practitioners develop better grip strength, aerobic capacity in upper body, and efficient kip timing.","This is an advanced technique and should be learned only after mastering strict and kipping pull-ups attempting butterfly pull-ups without sufficient strength or technique can lead to injury (hands tears, shoulder strain). Form is crucial: a poor butterfly can stress the shoulders. Make sure to maintain an active shoulder (don't fully relax at bottom) to protect joints. Use chalk or grips to prevent hand tears when practicing lots of reps. Stop when grip fails falling off the bar is a risk if you push too far. Shoulders should move in a controlled circular path; if you feel a jolt or catch, reset. People with any shoulder impingement or instability should avoid high-rep kipping to prevent aggravation.",brachialis-pull-up|dead-bug,general-fitness
front-scoops,Front Scoops,"Stand with one leg forward (heel on ground, toes up). Hinge at the hips and 'scoop' your arms down toward that foot, feeling a hamstring stretch, then rise and switch legs moving forward (dynamic hamstring stretch).",repetition_based,,flexibility|hamstrings|calves,,"A dynamic hamstring stretch often used in warm-ups to loosen the posterior chain. By 'scooping' down with arms, you actively stretch the hamstrings and calves of the front leg in a controlled motion, while also engaging the lower back and core to stabilize. It improves hamstring flexibility and prepares the muscles for exercise by mimicking the motion of a shallow toe-touch in motion. Also raises body temperature slightly and reinforces good hinging form (hips back, flat back). Regularly doing front scoops can increase your range of motion in hamstrings, aiding performance in running, kicking, and bending movements and helping prevent hamstring pulls, especially when done prior to activity.","Keep the movement flowing; avoid bouncing aggressively at the bottom to prevent muscle strain. Your reach should go until you feel a stretch in the hamstring you don't actually have to touch your toes or the ground if you're not flexible enough. Ensure your front knee is slightly bent (not locked) to protect it and to focus stretch on muscle, not just tendon. Maintain a flat back during the scoop (don't round excessively) to distribute stretch and avoid lower back strain. People with existing hamstring injuries should do this very gently or stick to static stretches until healed, as the dynamic nature could aggravate a not-yet-healed tear. Shoes with good support or doing it on even ground is recommended to prevent slips during the transition of legs.",lunges|high-knees,general-fitness
shoulder-flexion,Shoulder - Flexion (Articulations),"Stand or sit with arms at your sides. Keeping arms straight, raise them forward and up above your head (palms facing in) as far as comfortable, then lower back down. Repeat slowly.",repetition_based,,shoulders|mobility,,"Helps maintain and improve overhead range of motion by moving the shoulders through full flexion (overhead reach). It warms up the shoulder joint and lightly engages the front deltoids and traps without weight. This can improve posture (many people are tight and struggle to fully raise arms) and prepare the shoulders for exercises or daily tasks involving reaching up. Regular shoulder flexion movements can prevent stiffness from desk work and reduce risk of shoulder impingements by keeping the joint mobile and muscles balanced. Also, by actively raising arms, you're activating the serratus anterior and trapezius in their upward rotation function, which can improve shoulder blade mobility and stability.","Perform the raises in a pain-free range; if you feel pinching as arms near ears, only go to just before that point don't force through sharp pain. Avoid arching your lower back as you lift keep core engaged to isolate the movement to your shoulders. Keep movements slow and smooth; this isn't about swinging the arms. If you have a shoulder injury or very limited range, you might do this lying down (on back) initially or with one arm at a time to focus. Also ensure you're not shrugging excessively let shoulder blades rotate naturally but not up into ears too much. Breathe normally and avoid holding breath as you concentrate.",shoulder-rolls|wall-sit,general-fitness
shoulder-transverse-flexion,Shoulder - Transverse Flexion (Articulations),"Stand with arms out to sides at shoulder height (like a T). Keep arms straight and bring them forward and together in front of you (like giving a hug), then return to the T. Alternate which arm is on top each time.",repetition_based,,chest|shoulders|mobility,,"Improves horizontal adduction flexibility of the shoulders and stretches the upper back. By opening and closing the arms (like a hug), you activate and stretch the pectoral muscles when arms are back, and stretch the rhomboids and rear delts when arms come forward. This helps maintain shoulder joint mobility in the transverse plane, which is important for healthy shoulders and posture. It can reduce tightness in the chest and front of shoulders (which often pull shoulders forward) and alleviate mild upper back tension by expanding those muscles. It's a gentle dynamic chest opener and upper back stretch that also mildly warms up the shoulder joints and muscles.","Keep the movement controlled and avoid jerking your arms. When bringing arms back to the T, don't force them too far past your body line you should feel a mild stretch in the chest, but not strain. If you have shoulder injuries or a history of dislocations, be cautious about the extreme end-ranges (especially the open T position); keep it within comfort. Ensure arms stay at shoulder height not drooping to target the right areas. Also avoid shrugging. If any shoulder impingement symptoms occur (like a pinch when arms forward), limit how far you cross them. Maintain an upright posture; don't let the chest collapse when arms come forward.",shoulder-rolls|shoulder-rolls,general-fitness
forearm-supination,Forearm - Supination (Articulations),"Stand or sit with elbows bent 90° at your sides, forearms extended forward. Rotate your forearms to turn palms up (supination) then palms down (pronation). Repeat.",repetition_based,,forearms|mobility,,"Enhances rotational mobility of the forearm (the radius and ulna twisting). Helps prevent stiffness in movements like turning a doorknob or screwdriver by working the pronator and supinator muscles in a gentle manner. It can improve overall forearm flexibility and can aid in rehab for elbow or forearm injuries by restoring normal pronation/supination range. Also warms up the wrist and elbow joints through the associated movement. Regular practice can reduce tension for those who do repetitive motions (like typing or wrenching) by moving joints through their full range, potentially decreasing risk of overuse injuries. It's a simple drill to keep the forearms and wrists agile and blood flowing through those smaller muscles.","Only rotate as far as comfortable some people have more range. Avoid forcing your hands palm-up if your flexibility stops before fully up; with consistent practice range will improve. Keep elbows at your sides to isolate the movement to the forearm; if elbows drift, you're involving the shoulder. If you have existing forearm tendinitis (golfer/tennis elbow), do this motion slowly; fast rotation can sometimes irritate it. Breathe normally and relax your hands (no need to clench fists). If any pain (not just tightness) occurs, shorten the range or stop some injuries may require more gentle or assisted movements at first.",arm-circles|arm-circles,general-fitness
brachialis-pull-up,Brachialis Pull-up,"Hang from a bar with an underhand (chin-up) grip at shoulder-width. Pull up until chin is over bar, focusing on the tension in your arms, then lower down. (A narrow underhand pull-up targeting brachialis.)",repetition_based,,lats|biceps,,"Emphasizes the brachialis muscle (deep elbow flexor) due to the underhand close grip, while still working the lats and biceps like a standard chin-up. By using a moderate shoulder-width supinated grip, it shifts more load to the arms (brachialis and biceps) and slightly less to the broad back muscles, making it great for arm strength and development. Strong brachialis adds to overall pulling power and arm size (it lies under the biceps and can push them up). Still, it engages the lats and middle back significantly, contributing to upper-body strength. Overall, this variation can improve your chin-up numbers and pulling endurance, and place extra stimulus on the arms for hypertrophy.","As with any pull-up, use full range of motion but avoid fully locking out and relaxing at the bottom as that can strain elbows; keep shoulders engaged. An underhand grip can put more pressure on wrists ensure wrists are warmed up and you grip the bar firmly. Those with wrist or elbow tendinitis might prefer a neutral grip instead to reduce strain. Do not swing or kip; keep it strict to really hit the brachialis. If you cant complete a rep with good form, use a band or assist until stronger don't strain and risk a tendon injury by forcing reps. Also, avoid flaring elbows out; keep them pointing forward to target arms more and protect shoulders.",brachialis-pull-up|brachialis-pull-up,general-fitness
brachialis-narrow-pull-up,Brachialis Narrow Pull-ups,"Hang from a bar with a very close underhand grip (hands only a few inches apart). Pull up until chin is over bar, then lower. (An extreme close-grip chin-up emphasizing arms.)",repetition_based,,lats|biceps,,"The extremely narrow, supinated grip shifts the pull-up focus even more to the elbow flexors (brachialis and biceps), while still engaging the lats. This intense arm positioning can heighten brachialis activation due to mechanical disadvantage of lats in that position. Its great for targeting the inner portion of the biceps and brachialis for strength and hypertrophy. Youll also involve the forearms heavily (for grip and supination effort). Overall it builds upper-body pulling strength, but is often used as an arm specialization exercise. It can also highlight any left-right strength imbalances if one arm tends to dominate in the close grip. Building strength here can carry over to stronger standard pull-ups and improve arm muscularity.","The close hand position can be stressful on wrists ensure a thorough warm-up and don't force the hands too close if it causes pain; a gap of 4-6 inches between index fingers is a common compromise. Elbows will naturally flare a bit at the top; that's okay, but start the pull keeping them forward. Avoid momentum or kipping, especially because the narrow base makes shoulders vulnerable to twisting if you swing. If you feel any inside elbow pain (tendons), stop this grip can aggravate tendinitis if overdone. Start with low reps to adapt the joints. Use assistance if you cannot do at least ~5 clean reps to avoid straining with poor form. As always, shoulder blades should move smoothly (retract at top, protract at bottom) don't lock them out sloppily.",brachialis-pull-up|brachialis-pull-up,general-fitness
prayer-push,Prayer Push,"Stand or sit upright. Press your palms together in front of your chest (prayer position). Push them firmly against each other and slowly raise them overhead while maintaining pressure, then return to chest level. This engages chest isometrically.",repetition_based,,chest|shoulders|triceps,,"Primarily provides an isometric contraction for the chest (pectorals) and front shoulders by pressing the palms together. It helps activate and strengthen the chest muscles without any equipment useful for beginners or as an activation drill. Overhead movement adds a bit of shoulder mobility and engages shoulder stabilizers and triceps lightly. While it won't replace heavy presses for maximal strength, it can improve mind-muscle connection in the chest, and for some can modestly increase chest endurance and tone when performed for time or high reps. It's also a safe way for those with certain injuries (who can't do push-ups or weights) to maintain some chest engagement. Additionally, it can stretch the chest slightly at the top range (if elbows go out) and might aid in maintaining shoulder flexibility.","Because it's isometric, be mindful of breath do not hold your breath the entire time you're pressing your palms; breathe continuously to avoid a blood pressure spike. Keep shoulders down (don't shrug) while pressing to focus tension on chest. If you have wrist issues, pressing palms can be uncomfortable you can instead interlock fingers and press palms of fingers and heels of hands together, or even do it with fists. Those with very high blood pressure or prone to headaches should not push extremely hard for long durations, as isometric strain can elevate BP. Press firm but not to the point of joint pain in wrists or excessive tremor a moderate 70-80% effort sustained is fine. If any shoulder pain when raising arms, limit the overhead part and just press at chest level.",wall-push-up|shoulder-rolls,general-fitness
lying-prone-w-to-y,Lying Prone W to Y,"Lie face down with arms bent, elbows by sides (W shape). Lift chest slightly and raise arms off floor, then extend arms forward into Y position overhead. Return arms to W and lower.",repetition_based,,upper-back|shoulders,,"Strengthens the mid/lower trapezius and rhomboids by squeezing shoulder blades in the W position, then the lower traps and shoulders by reaching into the Y. Excellent for improving posture and counteracting rounded shoulders by activating the back muscles that pull the shoulder blades down and back. Also strengthens the rear deltoids and rotator cuff stabilizers. It improves shoulder blade mobility and stability, aiding overhead movements. As a bodyweight exercise, it's low-load and focuses on endurance and coordination of the upper back muscles, which can help alleviate neck and shoulder tension caused by slouching. Overall, it's great for scapular stability and posture correction.","Keep the movements small and controlled don't swing your arms. If you have limited shoulder range, your Y might not touch the floor; that's okay, just lift as high as comfortable. Focus on squeezing shoulder blades (pinch in W, then rotate arms up to Y). Those with shoulder impingement should be cautious; if lifting arms overhead causes pain, limit how far you go into the Y or just work the W pulls until strength improves. Keep your chin tucked (looking at floor) to avoid neck strain. If lower back feels strained lifting chest, you can keep chest on floor and just move arms; as strength increases, a slight chest raise will add more benefit. Quality is key better to do fewer reps with correct muscle activation than many cheating reps.",shoulder-rolls|shoulder-rolls,general-fitness
palm-up-palm-down-rotation,Palm Up - Palm Down Rotation,"Extend one or both arms forward at chest height. Rotate the forearm(s) so palm goes from facing up to facing down, and repeat (like turning a doorknob back and forth).",repetition_based,,forearms|mobility,,"Encourages and maintains flexibility in forearm pronation and supination (rotational movements). It's similar to forearm supination exercise, but often done standing and alternating continuously, which can also lightly strengthen the forearm rotators (supinator and pronator muscles) and increase blood flow. This helps in daily tasks requiring rotation (using tools, turning keys) and prevents stiffness. The high-rep rotation can serve as a mild warm-up for wrists and elbows, reducing the risk of sprains or epicondylitis by ensuring those muscles and tendons aren't tight. It's an accessible mobility drill to keep forearms healthy, especially beneficial for those with repetitive pronation/supination strain (like electricians, mechanics, etc.).","Keep movements smooth; don't yank your wrists at the end ranges. If any clicking or discomfort in the elbow, make the rotation smaller and more gradual. This exercise is gentle, but overdoing extremely high reps too fast might cause forearm muscle fatigue or irritation, so build up volume over time. If doing both arms simultaneously out front causes shoulder strain, do one at a time or with elbows at your sides (similar to earlier forearm exercise). Ensure you aren't clenching fists too hard; stay relaxed to focus on mobility. People with elbow or radial head injuries should check with a professional, but often this is part of rehab (just done slowly and carefully).",arm-circles|brachialis-pull-up,general-fitness
air-twisting-crunch,Air Twisting Crunch,"Lie on back with legs raised (knees bent). Lift shoulders and twist, bringing right shoulder toward left knee, then alternate left shoulder to right knee (like bicycle crunch without pedaling legs).",repetition_based,1,abs|obliques|core,,"Engages the entire abdominal wall, particularly targeting the obliques through the twisting motion. The crunch component activates the rectus abdominis (six-pack muscles), while the rotation engages internal and external obliques. Keeping legs raised adds lower ab engagement isometrically and prevents rest between sides, increasing intensity. It's an effective move for building core strength and definition because it combines flexion and rotation (hitting abs from multiple angles). It also improves core coordination (moving upper body and lower body oppositely) which can benefit functional movements. Many find this exercise really helps in toning the waist due to the oblique focus, and it can be done without any equipment, making it a staple in many ab routines or circuits.","Maintain pressure of your lower back towards the ground to avoid arching and straining it. If you feel your neck straining, ensure you are leading the motion with your shoulder (not just elbow) and support your head lightly with one hand (not yanking). Avoid using momentum; it's better to perform it slowly and deliberately for maximal muscle engagement (too fast can rely on momentum and risk form breakdown). Those with lower back issues can modify by keeping knees more bent or feet on floor in a basic bicycle crunch. Also, breathe out on each twist up to properly engage deep abs and obliques. Stop if you feel any sharp pain in back or hips slight discomfort in abs as they work is normal, but pain is not.",bicycle-crunches|russian-twists,general-fitness
standing-swimmer,Standing Swimmer,Stand with arms extended forward. Mimic a swimming stroke: either alternate arm circles (freestyle) or simultaneous broad arm sweeps (breaststroke) in a continuous motion.,time_based,30,shoulders|upper-back|mobility,,"Acts as a dynamic warm-up for the shoulders and upper back by mimicking swimming motions. The large arm circles/sweeps improve shoulder joint mobility and engage the shoulder muscles (rotator cuff, deltoids) across a wide range. It also promotes coordination and a gentle increase in heart rate. For those who swim, it activates relevant muscles on land. For others, it serves to open the chest (especially with breaststroke motion) and loosen tight lats and pecs while engaging the mid-back. Overall, it enhances flexibility of the shoulders (especially in circumduction) and can help reduce shoulder stiffness. As a low-intensity movement, it can also help relieve mild shoulder fatigue or stress by 'shaking out' the muscles in a controlled way.","If doing forward crawl motion, ensure you have space because one arm will be back while the other is forward. Move within a comfortable range some people with shoulder impingement might find full overhead circle painful; if so, reduce range or do more of a breaststroke (which stays below shoulder level mostly). Keep movements fluid, not jerky, to avoid muscle strain. If you have a history of shoulder dislocations, be cautious with the extreme ranges of a full circle; perhaps stick to partial circles. And as always, don't do it so fast that you lose form or risk pulling something this is mobility, not max-speed flailing. Breathe continuously; it's easy to accidentally hold breath when focusing on coordination.",arm-circles|standing-side-crunch,general-fitness
3-4-sit-ups,3/4 Sit-Up,"Lie on your back with knees bent. Perform a sit-up but stop about 3/4 of the way up (before sitting fully upright) to keep tension on abs, then lower back down.",repetition_based,,abs|core,,"By not going all the way up, the abs remain engaged throughout the movement, making it more effective for building abdominal endurance and strength in the targeted mid-range. This reduces hip flexor involvement compared to a full sit-up, placing more load on the abs and less on the lower back. It's a good progression for those transitioning from crunches to full sit-ups, and it allows you to focus on the abs without momentum. The constant tension approach can lead to better muscle fatigue in the abs (often felt as the 'burn'), which is beneficial for muscle toning and endurance. It's also easier to maintain form vs. a full sit-up, as you're less likely to swing or jerk. Overall, a 3/4 sit-up effectively works the rectus abdominis while being a bit safer on the spine and neck than the full sit-up.","Even though you don't sit all the way up, avoid pulling on your neck. Keep your hands gently behind your head or crossed on your chest to prevent neck strain. Ensure your lower back stays relatively flat (not hyper-arched) at the bottom of each rep if it arches excessively, you might be going too low or relaxing completely (try maintaining slight pelvic tilt). Those with lower back issues or very weak abs might still feel strain they should stick to smaller crunches until stronger. And as always, use controlled movement; don't bounce at the bottom or use momentum to rise that cheats the abs and might strain the back. Breathe out as you come up, in as you go down to avoid holding breath.",bicycle-crunches|plank,general-fitness
alternate-lying-floor-leg-raise,Alternate Lying Floor Leg Raise,"Lie on back with legs straight. Keep one leg on floor as you raise the other straight up, then lower and switch legs. (One-leg-at-a-time leg raises.)",repetition_based,,abs|core|hip-flexors,,"Strengthens the lower abdominals and hip flexors by lifting one leg at a time, which is more accessible than lifting both together. This exercise also challenges the core to keep the torso stable while the legs move alternately, engaging the transverse abdominis and obliques as stabilizers. Alternating legs reduces strain compared to double leg raises, making it suitable for building up strength. It helps improve pelvic control and lower abdominal endurance. Over time, it can serve as a progression toward full two-leg raises. It also stretches the hamstring of the active leg slightly at the top of the motion. Overall, it's effective for targeting the lower abs with reduced risk of lower back arching, given one leg stays down for support.","Press your lower back towards the floor throughout the movement if you feel it arching off the floor as a leg lowers, don't lower that leg as far or keep a slight bend in the knee. Move slowly; dropping the leg too fast could strain the back or use momentum. If flexibility is an issue and you can't keep the non-lifting leg straight on the ground, you can bend it (foot flat) for now. Those with very weak lower abs or back issues might start with bent-knee marches before straight-leg raises. As always with lower ab exercises, avoid jerking your hips. Breathe out when lifting, in when lowering to maintain core engagement. Stop if you feel any sharp pain in the lower back slight discomfort from muscle work is okay, but pain is not.",bicycle-crunches|dead-bug,general-fitness
assisted-lying-leg-raise-with-lateral-throw-down,Assisted Lying Leg Raise With Lateral Throw Down,"Lie on back and hold onto a partner's ankles or a sturdy object overhead. Raise both legs up. Partner pushes your feet toward one side (diagonally down); resist and bring legs back up. Repeat with partner pushing to opposite side, alternating.",repetition_based,,abs|core|obliques|hip-flexors,,"Highly engages the entire core, with emphasis on the lower abs and obliques, by adding an unpredictable lateral force. The partner's throw not only requires you to resist the downward motion (hitting the lower abs hard, like a leg raise), but also the sideways component, which forces the obliques and transverse abdominis to stabilize against rotation. This leads to improved core strength in multiple planes and better reactive core stability (useful in sports). It's a very intense exercise that also has a conditioning aspect (because resisting strong movements raises heart rate). Common in martial arts and boxing gyms, it builds the ability to take and control external forces using the core. Overall, it's excellent for advanced core development, hitting hip flexors, lower abs, upper abs (for bracing), and obliques all in one.","This is an advanced move you should be very comfortable with regular leg raises and have a strong core. Communication with the partner is key: they should apply firm but controlled force, not a sudden jerk that could injure you. Start with moderate pushes until you know you can handle more. Keep your lower back pressed into the floor especially when legs are thrown down; if you feel it hyperextend or you lose control, stop or have partner reduce force. Do not let your legs actually slam to the floor the goal is to catch them before and lift back up. Breathe (exhale) when pushing legs back up. Those with lower back problems or weak core should avoid this until stronger. Also, do equal throws to both sides to avoid imbalances.",dead-bug|bicycle-crunches,general-fitness
kneeling-thoracic-spine,Kneeling Thoracic Spine Extension,"Kneel on all fours facing a bench. Place elbows on bench, hands together. Sink your chest down and head through your arms, stretching your upper back. (Like a prayer stretch for thoracic spine.)",time_based,20,flexibility|upper-back|shoulders,,"Targets the thoracic spine mobility by stretching the upper back into extension and the shoulders into flexion. This helps improve posture (countering forward slouch) and can alleviate upper back and neck stiffness. It also stretches the lats and triceps to some degree because you're reaching with elbows on bench and sinking down. By improving thoracic extension, overhead movements (like presses or front squats) become easier and less compensations occur in the lower back. This stretch is excellent for those who sit a lot or have a rounded upper back, as it opens the chest and mobilizes the spine. Additionally, it can relieve tension around the shoulder blades. Many report feeling an immediate reduction in tightness in the mid-back after doing this stretch, and it fits well in warm-ups or cool-downs for upper body sessions.","Be gentle and don't force your chest to the floor ease into the stretch until you feel a good pull in your upper back or shoulders. Keep your elbows about shoulder-width apart on the bench and don't let them flare too wide which might strain shoulders. If you have shoulder impingement, this position (arms overhead) might be uncomfortable you could try it with a wider grip on a dowel or skip if painful. People with very tight lats/triceps might feel it intensely in the armpit area; again, go gradually. Maintain a slight pelvic tilt (don't overly arch the lower back) the goal is to extend upper back, not hyperextend lower back. Breath: exhale as you sink deeper, which can help you relax into it. If any sharp pain (especially in spine), stop a mild discomfort or muscle stretch sensation is fine, but joint pain is not.",cat-cow|child-pose,general-fitness
reverse-lunge-leg-kick,Reverse Lunge Leg Kick,"Step back into a reverse lunge, then push up and immediately kick the back leg forward into a front kick. Return to standing and repeat (alternating or same side).",repetition_based,,quads|glutes|hamstrings|hip-flexors,,"Combines lower-body strength and balance from the reverse lunge with explosive power and dynamic flexibility from the front kick. The lunge portion works quads, glutes, and hamstrings of the front leg, building strength and stability. Transitioning into a leg kick activates the hip flexors and quadriceps of the kicking leg and requires core engagement for balance. This improves coordination and agility, as you move from a controlled movement to an explosive one. It also raises heart rate, adding a cardio element. For athletes, it mimics actions needed in sports (lunging and quickly extending the leg). Over time, it enhances single-leg stability (on the supporting leg during the kick) and develops better neuromuscular control, while also providing a mobility benefit through the high kick. It's a functional move bridging strength and martial skill.","Master standard reverse lunges first (with good knee tracking and posture) before adding the kick. During the kick, don't hyperextend your knee snap it forward but stop at near full extension to protect the joint. If your balance is shaky, perform the move slowly: lunge, then as you stand, do a controlled knee-up instead of a full kick initially. Be mindful of the supporting knee; do not twist on it when kicking, you naturally turn the supporting foot out a bit. Those with knee issues should monitor how deep they lunge and perhaps limit the speed of the kick. Clear your surroundings; you're effectively doing a front snap kick and need space. Ensure you engage your core when kicking to avoid arching your back. Breathing: exhale sharply on the kick (like martial artists kiai) to keep it strong and controlled.",jump-lunges|high-knees,general-fitness
shoulder-rolls,Shoulder Roll,"Stand or sit upright. Lift shoulders up toward ears, then roll them back and down in a circular motion. Repeat for 20-30 seconds. Then optionally roll forward.",time_based,20,shoulders|mobility,,"Relieves tension in the upper trapezius and neck area by actively moving the shoulders through their full shrug-and-release motion. In rolling back, it promotes good posture by encouraging shoulders to move down and back. Rolling forward can gently stretch the upper back muscles. This exercise increases blood flow to the neck and shoulder region, which can alleviate stiffness (e.g., from stress or computer work). It's also a great quick relaxation technique many people do it instinctively when stressed. It helps maintain mobility of the scapula and clavicle joints, possibly reducing risk of impingement by letting shoulder blades move freely. Overall, shoulder rolls are an easy way to warm up or loosen the shoulders and neck, making it useful for anyone, especially those with sedentary lifestyles or anxiety-related muscle tightness.","Make sure the movement is controlled it's a roll, not a jerky motion. Avoid excessive speed which could cause muscle cramping. If you have shoulder impingement, rolling shouldn't be painful since it's mostly elevation and depression, but if rolling forward causes any pinch, just do the backward motion (which is generally more beneficial). Keep your head and torso still; only shoulders move. Breathe normally and try to sync breathing with movement (inhale up, exhale down) to enhance relaxation. Those with very tight traps might feel some soreness after that's normal if mild, but don't overdo (maybe start with 5-6 rolls each way). And be mindful not to shrug too violently which can strain neck muscles smoothness is key.",neck-rolls|arm-circles,"women-health,women-health"
seated-cardio-arm-pumps,Arm Pumps,"Sit tall in a chair. Bend elbows 90. Pump your arms forward and back in a brisk ""running"" motion while seated as if power walking with just your arms.",time_based,60,shoulders|arms,,"Provides a gentle cardiovascular workout particularly suited for those with limited lower-body mobility or for warm-up. Rapid arm pumping elevates heart rate and breathing, improving circulation and giving a moderate aerobic effect. It also engages the shoulder and arm muscles (deltoids, biceps, triceps) increasing blood flow to them. This exercise can improve upper-body endurance and coordination (it's essentially the arm motion of brisk walking or running without leg movement). For individuals who cannot do full-body exercises, seated arm pumps can help maintain some cardio fitness and contribute to calorie burning. Additionally, it can serve as a quick energy booster (like ""shadow boxing"" in place) because moving the arms vigorously stimulates blood flow and can reduce perceived exertion of later movements by acting as an extended warm-up.","Make sure the chair is stable so you don't scoot or tip when pumping vigorously. Keep your core engaged and don't slouch to protect your back. If you have shoulder issues, adjust the range of motion: you don't have to swing too high or far back a shorter, faster pump might be better tolerated. Avoid clenching fists tightly; a relaxed hand reduces forearm tension. Breathe continuously; since it's cardio, you want a steady in-out breath rhythm (try not to hold breath at any point). Those with very low fitness or certain conditions should start with shorter durations (30 seconds) and gradually increase to avoid dizziness or excessive fatigue. If any shoulder pain or clicking occurs, shorten the motion or slow down. This is low-impact, so it's generally very safe, but always listen to your body.",marching-in-place|arm-circles,"women-health,women-health"
heel-to-toe-walk,Toe Walk,"Balance exercise: step one foot directly in front of the other, touching heel to toe each step, as if on a tightrope. Continue for a set number of steps to practice balance.",time_based,60,legs|core,,"Improves balance and gait by narrowing your base of support. Walking heel-to-toe strengthens the muscles in the lower legs and ankles that stabilize you, and it challenges the vestibular system and proprioception. Practicing this can reduce the risk of falls by training your body to remain steady in a very narrow stance. It also enhances coordination and focus, as you have to place each foot carefully and maintain equilibrium. For older adults, this is a common exercise to maintain mobility and confidence in walking. Additionally, it lightly engages the core and hip abductors, as they work to keep you balanced in line. In sum, this simple drill can lead to better balance in everyday activities, improve posture, and strengthen foot and ankle stability.","Safety first: if you're new to this or at high risk of falling, do it along a counter or wall so you can touch for support if needed. Look forward (not down at your feet) once you have a feel for it, because in real life balance scenarios you won't be looking at your feet. If the full heel-to-toe touch is too hard, start with a slightly wider step (heel just in front of toe but an inch apart) and gradually close the gap as you improve. Keep a slight bend in the knees and don't walk too fast. Use your arms out to the sides for balance initially; as you get better, you can keep them at your sides. If you have significant neuropathy in feet or other serious balance disorders, do this only with supervision or not at all. Wear flat, supportive shoes if doing this exercise (socked feet or high heels would be unnecessarily challenging or slippery).",single-leg-stand|calf-raises,"women-health,women-health"