id	name	description	exercise_type	catalogId	default_sets	default_reps	default_duration	rep_duration_seconds	is_favorite	has_video	muscle_groups	tags	benefits	limitations	best_timing	suggested_combinations	notes	exercise_references
lying-back-extension	Lying Back Extension	Lie face down and lift your upper body off the floor by contracting your lower back muscles.	repetition-based	women-health	3	12			FALSE	TRUE	lower-back\tglutes\tcore	equipment:bodyweight\tcategory:core\tlower-back\tposture	"Strengthens the lower back (erector spinae) and glutes	 which helps improve posture and spinal support. Builds foundational back strength for more demanding exercises	 and can reduce risk of lower back pain by targeting key stabilizer muscles."	"Avoid overextending the spine or jerking upwards	 which can strain the back. Keep movements controlled. Individuals with existing lower back injuries should start with gentle range of motion or consult a professional before doing this exercise."	"Perform in a core or back workout	 often after warm-up. It can be used in rehab or beginner routines focusing on back strength. Avoid doing it when the lower back is already fatigued (e.g.	 after heavy deadlifts)."	bird-dog\tglute-bridge	Exhale as you lift your chest and squeeze your back muscles; inhale as you lower down. Keep your neck neutral (looking down) to avoid strain. Start with small lifts if you're a beginner and gradually increase height as strength improves.	Nordic Fitness Education – Prone Back Extension Overview; https://nordicfitnesseducation.net/prone-lying-back-extension-2/
front-plank-toe-tap	Front Plank Toe Tap	"Hold a forearm plank position while alternating each foot out to the side and back in	 tapping the toe on the floor."	time-based	women-health			30		FALSE	TRUE	core\tabs\tshoulders\tglutes	equipment:bodyweight\tcategory:core\tdynamic\tstability	"Engages the entire core with added emphasis on the obliques and deep stabilizers due to the leg motion:contentReference[oaicite:2]{index=2}. The alternating toe taps also activate glutes and hip abductors	 and involve upper-body stabilization (shoulders and arms)	 making it a more challenging plank variation for improved core strength and balance."	"Maintain a stable trunk; avoid rotating or lifting your hips as you move your foot	 which can compromise form. Those with shoulder or lower back issues should be cautious and may need to perform a basic plank instead. Quality is more important than speed; perform taps slowly to keep the core engaged."	"Use in a core workout or as part of a HIIT circuit. It’s effective after mastering basic planks	 or as a warm-up to activate the core. Can be timed (e.g.	 30 seconds intervals) within circuits."	plank\tside-plank	"Keep hips level and core braced throughout. Breathe steadily. If tapping out to the side is too difficult	 start with smaller side steps. Focus on not letting your midsection sag or pike up as you move your feet."	Tom's Guide – Plank Toe Taps Benefits; https://www.tomsguide.com/news/i-did-90-plank-toe-taps-every-day-for-a-week-heres-what-happened :contentReference[oaicite:4]{index=4}
crab-twist-toe-touch	Crab Twist Toe Touch	"From a crab bridge position	 lift one hand to touch the opposite foot	 twisting your torso	 then alternate sides."	repetition-based	women-health	2	10			FALSE	TRUE	core\tobliques\tshoulders\tglutes\ttriceps	equipment:bodyweight\tcategory:core\tdynamic\trotation	"This full-body move builds core strength (especially the abs and obliques) while also working glutes and shoulders:contentReference[oaicite:5]{index=5}. It improves stability and coordination as you balance on one hand and opposite foot	 and increases flexibility through the twisting motion and hamstring reach. Also elevates heart rate	 adding a mild cardio component."	Requires shoulder and wrist stability; those with shoulder or wrist problems should modify (keep hips lower or limit range of reach). Avoid dropping hips—keep your glutes engaged to maintain the bridge. Move in a controlled manner to avoid strain; don't worry if you can't touch your toe at first (reach as far as comfortable).	"Great in a core circuit or as a dynamic warm-up for full-body workouts. Can be included toward the middle of a workout when core and shoulders are warmed up. Because it challenges balance	 it's best done when you are not overly fatigued."	reverse-tabletop\tbird-dog	"Ensure your supporting hand is directly under your shoulder. Exhale as you reach toward your foot	 inhale as you return to crab position. If needed	 start by touching knee or shin instead of toe. Practice the movement slowly to master balance	 then increase speed for more challenge."	TrainWell – Crab Toe Touch Overview; https://www.trainwell.net/exercises/crab-toe-touch :contentReference[oaicite:6]{index=6}
standing-side-crunch	Standing Side Crunch	"Stand upright and bend sideways at the waist	 bringing your upper body toward your hip on one side	 then return to center and repeat on the other side."	repetition-based	women-health	2	12			FALSE	TRUE	core\tobliques\tabs	equipment:bodyweight\tcategory:core\tdynamic\tstanding	"Emphasizes the oblique muscles by working them through lateral flexion of the spine. This exercise helps strengthen the sides of your abdominals	 contributing to a more stable core and better side-bending mobility. Because it's done standing	 it also engages your legs slightly for balance and can improve functional movement (bending to the side) useful in daily activities."	"Avoid leaning forward or backward – the movement should be purely sideways. Do not jerk or bounce; use a controlled motion to prevent strain in the lower back. Individuals with lower back issues should bend only within a comfortable range. If balance is an issue	 you can do this near a wall for support."	"Use it in an abdominal or core workout	 typically after heavier compound exercises. It also fits well into warm-ups to gently activate the obliques. Can be done daily due to low strain	 or during breaks to alleviate stiffness from sitting."	side-bend-with-weight\tstanding-torso-twists	"Place your hand on the side of your head (or slide it down your thigh) as you crunch to the side	 and avoid shrugging your shoulder. Focus on the mind-muscle connection with your obliques – feel them contract as you bend. Keep your core engaged and knees soft (not locked) during the movement."	Healthline – Oblique Exercises; https://www.healthline.com/health/oblique-exercises (for general oblique strengthening benefits)
bodyweight-side-squat-step	Bodyweight Side Squat Step	"Step out to the side into a squat	 lowering your hips back and down	 then push back up and step feet together. Alternate or repeat on the same side as required."	repetition-based	women-health	3	10			FALSE	TRUE	quads\tglutes\thamstrings\tadductors	equipment:bodyweight\tcategory:strength\tlower-body\tglutes\tquads	"Strengthens the major muscles of the lower body	 particularly the quadriceps	 glutes	 and hamstrings	 while also engaging the inner thighs (adductors) due to the lateral movement. Side squats improve hip and groin flexibility and develop lateral movement capability	 which is often neglected. This exercise can help balance muscle development between inner and outer thighs and enhance stability in side-to-side motions."	"Keep your knee tracking in line with your toes when you squat to the side (do not let it cave inward). Those with knee issues should start with a shallow squat or smaller step. Maintain an upright chest and flat back to avoid back strain. If balance is difficult	 perform the movement with a shorter step or hold onto a stable object for support."	"Include in lower-body strength workouts	 often after bilateral squats or lunges. It's useful in functional training days or sports conditioning to train lateral movements. Can also serve as a warm-up movement to open the hips and activate leg muscles before heavier lifts."	lunges\tstanding-hip-abduction	"Step out wider for more glute emphasis	 or shorter if focusing on quads. Ensure your stepping foot is flat and weight is primarily on the stepping leg's heel as you squat. You can perform all reps to one side then switch	 or alternate sides for each rep depending on preference."	ACE Fitness – Lateral Movements in Training; https://www.acefitness.org/education-and-resources/lifestyle/blog (discusses benefits of lateral squats/lunges)
hip-roll-plank	Hip Roll Plank	"From a forearm plank	 rotate your hips and lower one side toward the floor	 then lift back up and rotate to the other side (plank hip dips)."	repetition-based	women-health	2	10			FALSE	TRUE	core\tobliques\tabs\tshoulders	equipment:bodyweight\tcategory:core\tdynamic\trotation\tobliques	"Targets the obliques by adding a twisting motion to a standard plank	 thus strengthening the sides of the core and improving spinal mobility in a controlled manner. Also challenges the deep core stabilizers and lower back as you fight to keep control during each dip. Shoulders and upper body benefit from holding the plank position throughout	 building endurance in those areas. Overall	 it enhances core stability with an element of rotational strength."	"Ensure the movement comes from your hips and core	 not by swinging your arms. Avoid letting your hips sag too low as you rotate	 which can strain the lower back – maintain a slight tuck of the pelvis. Individuals with lower back or spine issues should twist only within a pain-free range or omit the rotation. As this is an advanced plank variation	 build a solid basic plank first."	"Place it in the middle of your core routine	 after simpler plank holds but before any exhaustive static holds. It can also be used in circuit training for core. Avoid doing it when extremely fatigued	 as maintaining form during the twist is crucial."	side-plank\tRussian-twists	"Move slowly and deliberately; a slow rotation engages the muscles more than a quick drop. Breathe out as your hip moves toward the floor	 and breathe in as you come back through center. To modify	 you can perform the motion from a knees-down plank position."	Portsmouth Sports Centre – Plank Variations; https://sport.port.ac.uk (plank toe taps & dips tips)
bodyweight-pulse-squat	Bodyweight Pulse Squat	Lower into a squat and hold the bottom position while performing small pulses up and down.	repetition-based	women-health	2	15			FALSE	TRUE	quads\tglutes	equipment:bodyweight\tcategory:strength\tlower-body\tquads\tendurance	"Keeps constant tension on the quadriceps and glutes	 which helps build muscular endurance and a deep burn that can contribute to muscle toning. Pulse squats also improve your ability to maintain proper squat form under fatigue and strengthen the muscles and connective tissues around the knees through the extended time under tension. This exercise is excellent for finishing off a leg workout to fully fatigue the thighs."	"Pulsing in a deep squat can be tough on the knees if done excessively or with poor form – ensure your knees are tracking in line with your toes and not jutting far past them. Keep the range of the pulse moderate (avoid bouncing at the extreme bottom). Individuals with knee pain should use a higher squat position or avoid pulses. As with any squat	 maintain a neutral spine (chest up	 back flat)."	"Often used at the end of a leg workout or superset to burn out the quads and glutes. Also popular in barre or high-rep training routines. Because it induces a burn quickly	 it’s typically done after heavier strength moves (like regular squats or lunges) as a finisher."	wall-sit\tjump-squat	"Stay low: do not rise above halfway up during pulses. Focus on squeezing your glutes and quads throughout the movement. Start with a shorter duration (or fewer pulses) if you're new to it	 as it intensifies quickly. To increase difficulty	 you can hold a light weight or pulse for longer duration instead of increasing reps."	Healthline – Bodyweight Squat Variations; https://www.healthline.com/health/fitness/squat-variations (mentions pulse squats for endurance)
side-plank-rotation	Side Plank Rotation	"Begin in a side plank (forearm on the ground). Rotate your torso downward	 reaching your top arm under your body	 then rotate back to side plank with your top arm raised."	repetition-based	general-fitness	2	8			FALSE	TRUE	core\tobliques\tshoulders	equipment:bodyweight\tcategory:core\tadvanced\trotation\tobliques	"Combining a side plank with a twisting motion strengthens arms	 shoulders	 and obliques. It enhances core stability and upper body strength by adding dynamic rotation to the side plank."	"This is an advanced exercise; you should be comfortable holding a basic side plank first. Avoid dropping your hips as you rotate – maintain a straight line. Those with shoulder issues should proceed cautiously	 as the supporting shoulder bears significant load (consider doing it on your elbow or lowering the hips for a modification). Control the rotation to avoid torqueing the lower back."	"Include in core workouts once you've mastered static planks. Often placed after conventional planks or side planks. Due to its difficulty	 perform it earlier in the core routine when you are less fatigued	 to maintain good form through the rotations."	plank\tRussian-twist	"Reach under slowly and feel your obliques contract	 then open back up fully to the side plank. Exhale during the twist under to engage the core	 inhale as you return to the side plank. If needed	 drop your bottom knee to the ground as a regression. Keep the movement smooth to prevent wobbling."	Healthline – Side Plank with Rotation; https://www.healthline.com/health/best-core-exercises (describes benefits of adding rotation to side planks)
kneeling-backward-hip-circles	Kneeling Backward Hip Circles	"On hands and knees	 extend one leg back and make large circular motions with that leg going backward	 making hip circles."	repetition-based	general-fitness	2	10			FALSE	TRUE	glutes\thips\tcore	equipment:bodyweight\tcategory:flexibility\thip-mobility\twarm-up	"Increases hip joint mobility by taking the hip through a wide range of motion. It warms up and loosens the gluteal muscles and hip rotators	 which can improve performance in squats	 kicks	 and other lower-body exercises. This move also engages the core for stability (preventing torso movement as the hip moves)	 thereby gently strengthening abdominal muscles and lower back in a stabilizing role. Overall	 it aids in improving hip flexibility and can help reduce stiffness in the hip and lower back region."	"Keep the rest of your body still; avoid swaying your lower back or shoulders as you make the circle – the motion should isolate the hip. If you have hip impingement or pain	 make smaller circles within a comfortable range. Ensure your supporting knee is on a cushioned surface to avoid discomfort. People with knee issues can place a pad under the knee or perform a standing version (leg swings) if kneeling is problematic."	"Ideal as a dynamic warm-up exercise before any lower-body workout	 running	 or sports. It can also be part of a mobility routine on recovery days. Typically done early in a session to mobilize the joints before heavy activity."	cat-cow-stretch\tleg-swings	"Perform circles slowly and deliberately	 about 5 in one direction then 5 in the opposite direction for each leg. Imagine drawing a big circle with your knee. Keep your core engaged to minimize arching of the back. Look slightly forward (neutral neck) and keep hands pressed firmly into the floor to stabilize your upper body."	Verywell Fit – Hip Mobility Drills; https://www.verywellfit.com/best-hip-mobility-exercises (includes quadruped hip circles for mobility)
lying-floor-abduction	Lying Floor Abduction & Adduction	Lie on your back with legs extended up toward the ceiling and open your legs outward (abduction) then bring them back together (adduction).	repetition-based	general-fitness	2	15			FALSE	TRUE	adductors\thips\tcore	equipment:bodyweight\tcategory:strength\tlower-body\tinner-thighs	"Strengthens the inner thigh muscles (adductors) as they work to pull the legs back together against gravity:contentReference[oaicite:14]{index=14}. Also engages the outer hip muscles during the opening phase and challenges the lower abs and core to stabilize the pelvis while the legs move. This exercise can improve hip flexibility and stability	 and tone the inner thighs	 which supports better knee alignment and overall leg strength."	"Press your lower back into the floor as much as possible to protect your spine – if you feel your back arching or straining	 limit the range of motion or bend your knees slightly. Avoid rapid or uncontrolled leg movements; move smoothly to prevent groin strain. If any pain in the hips or lower back occurs	 reduce range or discontinue."	"Can be included in a core or leg workout	 often after multi-joint leg exercises as an isolation move for the inner thighs. Also useful in Pilates or yoga-inspired routines. It's effective towards the end of a workout for targeted toning	 or as part of a morning routine to gently work the hips and core."	glute-bridge\tlying-leg-circles	"Exhale and engage your core when bringing the legs together – think of using your inner thighs to 'squeeze' an imaginary object. Inhale as you open the legs. Start with a smaller range if you're a beginner	 gradually increasing as flexibility and strength improve. You can place your hands under your pelvis for support if needed."	Lift Manual – Air Twisting Crunch (for general reference on supine leg movements and core engagement):contentReference[oaicite:15]{index=15}
balance-board	Balance Board	"Stand on a balance board and try to maintain your balance	 keeping the board as level as possible."	time-based	general-fitness			30		FALSE	TRUE	core\tlegs	equipment:balance-board\tcategory:balance\tstability\tcore	"Improves proprioception (body awareness) and balance by engaging the stabilizer muscles in your ankles	 knees	 and hips. Strengthens the lower leg muscles (ankles and calves) and activates the core as you constantly adjust to keep the board level. Regular practice can help prevent ankle injuries and improve overall coordination	 benefiting athletic activities and everyday stability (like walking on uneven ground)."	Ensure the area around you is clear of hazards in case you step or fall off. Beginners should use a support (like a wall or chair) nearby to grab if needed. People with vestibular (inner ear) issues or who easily get dizzy should be cautious. Avoid locking your knees; keep a soft bend to better absorb movements. Progress gradually: start with shorter duration and increase as your balance improves.	"Use at the beginning of a workout as part of a warm-up to activate stabilizers	 or at the end for balance training. It’s also effective as a standalone practice on non-training days. Performing it after leg workouts (when muscles are fatigued) can be more challenging	 so be mindful of form. It's well-suited for daily short practice sessions given its low impact."	single-leg-stand\tbosu-ball-balance	"Focus your gaze on a fixed point in front of you to help maintain balance. Engage your core and make small adjustments with your ankles. As you improve	 you can try shifting weight slightly or doing small knee bends on the board. Always step down carefully – don't jump off	 to avoid twisting an ankle."	Harvard Health – Balance Exercises; https://www.health.harvard.edu/staying-healthy/simple-balance-exercises (general guidance on balance training benefits)
hip-swirls	Hip Swirls	"Stand with feet shoulder-width apart and hands on hips. Rotate your hips in a wide circular motion (like doing a hula-hoop) in one direction for several rotations	 then repeat in the opposite direction."	repetition-based	general-fitness	1	10			FALSE	TRUE	flexibility\thips\tlower-back	equipment:bodyweight\tcategory:flexibility\thip-mobility\twarm-up	"Increases flexibility and mobility in the hip joints and lumbar spine by gently moving through a full range of motion. Helps to loosen tight lower back and hip muscles	 which can alleviate stiffness and improve posture. This movement also engages the core lightly as it works to stabilize the torso during the circular motion. As a warm-up	 hip circles prepare the body for more intense lower-body activities and can reduce risk of injury by promoting joint lubrication and muscle elasticity."	"Avoid making fast	 jerky movements – the circles should be smooth and controlled to prevent any pinching or strain in the lower back. If you feel pain in the hips or back	 reduce the range of motion. Those with balance issues can do this with a light fingertip support on a wall. Keep your feet planted firmly and knees slightly relaxed (not locked) during the movement."	"Best used as part of a warm-up or mobility routine	 especially before exercises that involve the hips and lower back (like squats	 deadlifts	 or running). Can also be done during breaks if you sit for long periods	 to relieve tightness. Typically done early in a session for 5–10 slow rotations each direction."	torso-twists\tleg-swings	Initiate the movement with your hips; imagine drawing a big circle with your tailbone. Breathe normally and focus on the sensation of stretching around the hip area. You can vary the size of the circle – start with small circles and gradually increase diameter as you get more comfortable. Ensure equal rotations in both directions for balanced mobility.	ACE Fitness – Dynamic Warm-Up Exercises; https://www.acefitness.org (recommends hip circles for mobility in warm-ups)
push-up-jack	Push-Up Jack	"Combine a push-up with a jumping jack motion of the legs: from plank	 do a push-up while jumping feet out and in."	repetition-based	general-fitness	3	8			FALSE	TRUE	chest\tshoulders\ttriceps\tcore\tlegs	equipment:bodyweight\tcategory:cardio\tfull-body\tplyometric	"Combines upper-body strength (push-up works chest	 shoulders	 triceps) with a cardio and leg component (jumping jack motion engages glutes	 thighs	 and raises heart rate). It's a full-body movement that improves muscular endurance and explosiveness while burning more calories than standard push-ups by recruiting multiple muscle groups and the cardiovascular system. Great for HIIT or bootcamp routines	 it builds functional strength and conditioning simultaneously."	"This is a high-impact	 advanced move; ensure you can do solid push-ups first. Maintain proper push-up form (flat back	 core engaged) even as you jump the feet – do not let hips sag or pike excessively. If you have wrist or shoulder issues	 use push-up bars or perform on an incline to reduce strain	 and step feet out one at a time instead of jumping. Land softly on your toes to cushion impact. Stop if form deteriorates (e.g.	 shoulders collapsing or lower back straining). Keep the movement controlled; avoid letting momentum slam your elbows at lockout."	"Use in high-intensity circuit training or metabolic finishers. For example	 include it in a HIIT round or as part of a full-body circuit. Typically placed mid-workout when you're warm but not completely fatigued (to maintain form given its complexity). Because it's demanding	 short bursts (e.g.	 20-second intervals or sets of 5-10 reps) with rest are common. Ensure adequate rest or alternating with lower-intensity moves if doing multiple sets."	burpees\tmountain-climbers	"Coordinate the movement: as you bend your elbows to lower	 jump your feet out; as you push up	 jump feet back together. Keep the core tight to minimize midsection sagging during the jump. Exhale when pushing up; inhale on the way down. If too challenging	 break it into parts (do a plank jack then a push-up separately) and gradually combine once strong enough. Focus on quality reps over speed to avoid sloppy form."	BarBend – Plyometric Push-Up Variations; https://barbend.com/plyo-push-up-benefits (discusses explosive push-up movements)
hip-crunch	Hip Crunch	"Lie on your back with knees bent at 90° (shins parallel to floor). Use your lower abs to lift your hips and tailbone off the floor in a small crunching motion	 then lower back down."	repetition-based	general-fitness	3	12			FALSE	TRUE	abs\tcore\thip-flexors	equipment:bodyweight\tcategory:core\tlower-abs\treverse-crunch	"Primarily targets the lower portion of the rectus abdominis by curling the hips upward. Strengthens the muscles that tilt the pelvis	 which can contribute to better core stability and help flatten the lower belly. It also engages the hip flexors slightly	 and by lifting the hips	 it reduces neck strain typical of regular crunches. Over time	 hip crunches can improve pelvic control and are useful for developing a strong mind-muscle connection with the lower abs."	"Avoid using momentum (like swinging your legs); the lift should be driven by your abdominal contraction. Keep the movement small; you only need to lift your hips a few inches. Place your hands on the floor beside you for stability but do not push down excessively with them. If you have lower back issues	 ensure your movement is slow and controlled	 and stop if you feel discomfort. Breathe properly (exhale as you lift hips	 inhale as you lower) to avoid holding breath and straining."	"Include in core workouts	 typically after bigger core moves like planks or leg raises. It works well in higher-rep ab circuits or towards the end of an abdominal session as a burnout for the lower abs. It can be done frequently (3-4 times per week) given it's bodyweight and low strain. Also suitable in Pilates or floor exercise routines focusing on core control."	reverse-crunch\tleg-raises	"Place your hands under your lower back or grip a sturdy object behind your head if you need a bit of support to prevent swinging. Focus on tilting your pelvis towards your ribcage. A helpful cue is to imagine trying to lift your tailbone straight up. Keep your head and shoulders relaxed on the floor. Even if the movement seems small	 as long as you feel the contraction in the lower abs	 you're doing it right."	Healthline – Reverse Crunch Benefits; https://www.healthline.com/health/fitness-exercise/reverse-crunch (similar movement targeting lower abs)
shin-box	Shin Box Switch	"Sit on the floor with one leg bent in front (90°) and the other bent behind (90°). Keep torso tall and rotate both legs to the other side	 switching the 90/90 position to the opposite side. Repeat fluidly."	repetition-based	general-fitness	1	10			FALSE	TRUE	flexibility\thips\tglutes	equipment:bodyweight\tcategory:flexibility\thip-mobility\tinternal-rotation	"Improves hip mobility by working both external rotation (front leg) and internal rotation (back leg) through the switching motion. Gently stretches and strengthens muscles around the hips and glutes	 potentially reducing stiffness. Also engages core muscles for stability as you transition	 helping with coordination. Regular practice can lead to better range of motion for activities like squatting and sitting cross-legged	 and reduce lower back strain by addressing hip tightness."	"If very tight in the hips	 use hands behind you for support as you switch to avoid falling back. Avoid forcing knees to the ground; work within your comfortable range and let mobility increase over time. If you have knee discomfort	 adjust the angles (not a perfect 90/90) or place padding under knees. Move slowly and with control; the goal is mobility	 not speed or brute force. It's normal if both knees don't touch the ground initially; don't push down on them."	Excellent as part of a warm-up or cool-down to mobilize the hips. It can also be used in dedicated mobility or yoga sessions. Using it before lower-body workouts can help open the hips and improve performance. Gentle enough to do daily or during breaks from sitting. Typically done early in a session for 5–10 smooth switches (each direction).	pigeon-stretch\t90-90-stretch	"Keep your chest lifted and avoid rounding your back as you move. Exhale during the switch to help relax into the new position. You can start with your hands on the ground behind you for balance	 then try hands-free as you get more comfortable. Over time	 aim to let both knees touch the ground on each side to achieve full range	 but be patient if you're tight—it will improve gradually."	Yoga Journal – 90/90 (Shin Box) Stretch; https://www.yogajournal.com/practice/ (explains benefits of 90-90 hip rotations)
standing-side-crunch-elbow-to-knee	Standing Side Crunch (Elbow to Knee	"Standing	 bring one elbow down and the same-side knee up to meet at your side	 crunching the obliques. Return to standing and repeat on the other side."	repetition-based	general-fitness	2	10			FALSE	TRUE	core\tobliques\tabs	equipment:bodyweight\tcategory:core\tstanding\tobliques\tbalance	"Works the obliques through lateral flexion combined with a crunch	 helping to tighten and strengthen the side abdominal wall. Lifting the knee engages the hip flexors and lower abs	 and doing it standing challenges balance and engages stabilizers. This exercise improves functional core strength for movements involving side bending or knee lifting. It can also lightly elevate heart rate when done briskly	 adding a small cardio element."	"Maintain good posture: avoid hunching forward as you bring elbow to knee; the movement is directly sideways. If balance is an issue	 you can perform the crunch motion without lifting the foot fully off the ground (just sliding the foot inward). Avoid yanking on your neck with your hand (if hand is behind head) – keep the tension in the obliques. Move in a controlled way to prevent any jerking that might tweak the lower back. If you have lower back problems	 do a smaller range of motion to be safe."	"This move can fit into an ab routine as a standing exercise between floor exercises	 or in a warm-up for core activation. It's also popular in aerobic or low-impact cardio workouts as it can be done rhythmically. Since it's low-impact	 it can be done in the beginning or middle of a workout. It also serves as a quick core exercise during a work break or at home since no equipment is needed."	high-knees\tstanding-oblique-reach	"Perform the crunch deliberately – focus on using your side abdominal muscles to bring your torso toward your hip. Exhale as the knee and elbow come together; inhale when returning to upright. Keep your supporting leg slightly bent and core engaged for balance. If you want more challenge	 you can hold a light dumbbell behind your head or simply increase the tempo once form is mastered."	Verywell Fit – Standing Ab Exercises; https://www.verywellfit.com/best-standing-ab-exercises (includes elbow-to-knee crunches and their benefits)
seated-circle-leg-crunch	Seated Circle Leg Crunch	Sit on the floor leaning back slightly (hands on floor for support). Lift both legs off ground and trace a circle in the air with your feet (moving legs together in a circular motion). Reverse direction after reps.	repetition-based	general-fitness	2	10		1.5	FALSE	TRUE	core\tabs\tobliques\thip-flexors	equipment:bodyweight\tcategory:core\tdynamic\tlower-abs\tcoordination	"Engages the entire core with emphasis on the lower abs and hip flexors as you keep legs elevated. The circular motion recruits the obliques and improves hip mobility and lower abdominal control. It also challenges coordination and balance in a semi-reclined position	 requiring core stability throughout. Over time	 it can increase lower abdominal strength	 improve coordination of the hip flexors with the abs	 and enhance overall core endurance. It’s a dynamic move that also lightly works the lower back stabilizers as they prevent you from tipping over."	"Keep the movement controlled; don't swing your legs wildly as that could strain the lower back. If you feel back discomfort	 lean back slightly more and ensure your core is braced	 or make smaller circles. If needed	 allow your hands to provide more support (closer to your hips) or slightly bend your knees to reduce leverage. Those with hip flexor tightness might fatigue quickly; start with few circles and gradually increase. Breathe continuously—avoid holding your breath which is common during intense ab moves."	"Place in a core workout once you have some strength (after mastering simpler moves like basic crunches). Use it as a mid-section exercise in the middle or end of your routine for a focused burn. Because it's challenging	 doing 2-3 sets of 8-12 circles (each direction) is typically sufficient. It's seen in advanced ab circuits or Pilates routines. Not necessary to do daily—abs need recovery too—so 2-3 times a week as part of core training is ample."	bicycle-crunches\tleg-raises	"Move legs together as one unit and draw the biggest circle you can control. Imagine you're smoothing out a large circle in sand with your feet. Keep your torso as steady as possible; the less it wobbles	 the more your core is working. Try clockwise for desired reps then counterclockwise. If doing without hand support	 keep arms forward for counterbalance. Quality over quantity—if form falters (e.g.	 you start swinging or jerking)	 pause and reset or end the set."	WorkoutGuru – Seated Circle Leg Crunch Guide; https://workoutguru.fit (notes core strength and flexibility benefits of circular leg movements)
sitting-lotus-pose-hip-horizontal	Sitting Lotus Pose Hip Horizontal Rotation	"Sit in lotus or cross-legged position. Place hands on hips. Rotate your torso/hips in a horizontal circle while keeping spine upright. Do several circles one way	 then reverse."	repetition-based	general-fitness	1	10			FALSE	TRUE	flexibility\thips\tglutes	equipment:bodyweight\tcategory:flexibility\thip-mobility\tstretch	"Increases hip joint flexibility by gently mobilizing in circular motions while in an externally rotated position (lotus). Engages and stretches muscles around the hips (glutes	 piriformis	 deep rotators) and can relieve tension in the lower back and hips. Also promotes an upright posture by requiring you to maintain a straight spine while rotating. This exercise can improve comfort in seated poses (useful in yoga/meditation) and hip mobility for daily movements. It is calming and can reduce stiffness in the hip and lower back region when done slowly and mindfully."	"If you cannot sit in full lotus	 a simple cross-legged position is fine; do not force your knees down or foot position as that can hurt the knees. Keep the movement gentle – this is more of a mobility stretch	 not a strength exercise. If you feel pinching in the hips	 make smaller circles or stop. Those with hip replacements or significant hip issues should consult a professional before deep rotations like this. Focus on upright posture to avoid slouching which negates some benefits. Discomfort (mild stretch) is okay	 but sharp pain is a red flag to stop."	"Use during warm-up for yoga or mobility routines	 or as a cool-down stretch to open the hips. It's particularly nice in the evening or morning to relax the hip area. Frequency can be daily since it's gentle. Often done for about 5-10 circles each direction per session. It can be included in meditation prep or as part of physical therapy for gentle hip mobility. Women who are pregnant or individuals with limited external rotation can do a butterfly stretch variant if lotus is too intense."	butterfly-stretch\tseated-forward-bend	"Focus on moving from the hips – imagine your bellybutton drawing a circle parallel to the floor. Keep your back straight and head in line with spine to maximize the hip movement. You can brace your hands on your hips to feel the motion or place them on your knees for a bit of support. Breathe deeply and slowly; exhale as you circle forward	 inhale as you circle back (or whatever pattern feels natural). The movement should be slow and controlled	 almost like a self-massage for your hips."	Exercisetimer – Sitting Lotus Pose Rotation; https://exercisetimer.net/exercise-library/sitting-lotus-pose-hip-horizontal-rotation (describes the motion and benefits)
lying-abduction-leg-raise-on-floor	Lying Abduction Leg Raise on floor	"Lie on one side with bottom leg bent and top leg straight. Raise the top leg upward	 then lower it back down. Repeat and switch sides."	repetition-based	general-fitness	3	12			FALSE	TRUE	glutes\thips\tcore	equipment:bodyweight\tcategory:strength\tlower-body\touter-thighs	"Strengthens the hip abductor muscles	 primarily the gluteus medius and minimus	 which are critical for hip stability and knee alignment. Toning these outer hip/thigh muscles can improve balance and support functional movements like walking and side-stepping. Also lightly engages the core to stabilize your torso. This exercise can help improve lateral hip strength	 contributing to better knee tracking and injury prevention (for knees and ankles). It's a simple movement effective for shaping the outer thighs and hips."	"Avoid swinging the leg or using momentum; lift and lower in a controlled manner to ensure the hip muscles are doing the work. Don't rotate your torso open or back – keep hips stacked to target the correct muscles. If you feel strain in your lower back	 you may be lifting too high or rolling backward; adjust form. Individuals with hip bursitis or IT band syndrome should start gently as this can aggravate those if overdone – use a small range and build up. Keep neck relaxed (you can rest your head on your bottom arm)."	"Include in lower-body or glute workouts as an isolation for outer thighs after compound exercises. Also common in physical therapy or warm-ups to activate glutes before heavier activity. Doing 2-3 sets of 12-20 reps per side is typical. Can be performed multiple times per week (2-4x) since it’s low strain	 especially if improving hip stability is a goal. Suitable for daily mini-sets for those rehabbing or desk workers trying to activate glutes	 as long as there's no soreness."	clamshells\tlateral-band-walks	"Line up your body straight – shoulders	 hips	 and legs in one line – to ensure you're not leaning forward or back. Leading with your heel slightly (toes pointing forward) can help engage the glutes more than the hip flexors. Exhale as you lift the leg	 inhale as you lower. You only need to lift to about 30-45° (or when you feel your hips wanting to tilt). To increase difficulty	 add an ankle weight or resistance band around thighs	 but only after mastering bodyweight with perfect form."	American Council on Exercise – Side-Lying Leg Raise; https://www.acefitness.org/education-and-resources/lifestyle/exercise-library/side-lying-leg-raises (explains the muscle focus and form)
side-bridge-bent-leg	Side Bridge (Bent Leg)	"Lie on your side with knees bent 90°. Prop up on your forearm and lift hips	 creating a straight line from shoulders to knees (knees stay on floor). Hold briefly	 then lower. (Modified side plank on knees.)"	time-based	general-fitness			20		FALSE	TRUE	core\tobliques\tshoulders	equipment:bodyweight\tcategory:core\tisometric\tobliques\tbeginner	"Strengthens the lateral core (obliques and quadratus lumborum) with reduced intensity compared to a full side plank	 making it great for beginners. Emphasizes proper hip alignment and glute medius engagement with less strain. Builds foundational strength in the sides of the trunk and improves spinal stability. Also engages shoulder stabilizers (in supporting arm) and glutes (to keep hips forward). Regular practice can help balance core strength and is often used to progress toward full side planks or to support lower back health by targeting side-supporting muscles."	"Ensure your elbow is directly under your shoulder to avoid shoulder strain. Keep your body in one line from head to knees – don't let your hips twist or drop backward. If even this is too challenging	 you can start with only a brief hold or with your bottom hip on the floor and just pushing up slightly. Avoid arching your neck; keep it in line with your spine. People with shoulder injuries should be cautious; they might need to do this on an extended arm (hand) or skip until the shoulder is stronger. Breathe throughout; don't hold your breath during the hold."	"Often used early in a core routine as activation	 or later as a burnout for the obliques. It's common in physical therapy and beginner workouts. One might hold for 10-30 seconds per side for 2-3 sets. It can be done frequently (3-5x/week) because it's bodyweight and low stress	 especially if building endurance. Ensure equal time on both sides to correct imbalances. As you get stronger	 increasing hold time or reps (if doing short holds) is a logical progression	 or move to full side planks."	plank\tbird-dog	"Think about lifting your hip using your bottom-side oblique	 not pushing too much through your arm. Keep the supporting shoulder away from your ear (don't shrug). Squeeze your glutes to keep your hips forward and spine aligned. Starting with a 10-second hold and gradually increasing time is a good approach. For added challenge	 once stable	 you can extend the top leg straight (while bottom knee stays down) to increase resistance slightly before going to a full side plank."	Cleveland Clinic – Side Plank Modifications; https://health.clevelandclinic.org/plank-exercise-benefits (mentions bent-knee side plank for beginners)
leg-pull-side	Leg Pull Side	"From a side plank position (on one hand or forearm)	 lift the top leg straight up and down (like a side plank with leg raise)."	repetition-based	general-fitness	2	6			FALSE	TRUE	core\tobliques\tshoulders\thip-flexors\tglutes	equipment:bodyweight\tcategory:core\tPilates\tadvanced\tbalance	"An advanced Pilates exercise that strengthens the core	 shoulders	 and hip flexors. Combines elements of a plank with side-lying leg raises to improve balance	 stability	 and strength particularly in the obliques and hip region. Lifting the top leg targets the outer hip (glute medius) and thigh as well. Builds considerable shoulder stability and total-body control	 enhancing core and lateral hip strength beyond a basic side plank."	"Very challenging – master regular side plank and simpler side leg raises first. Keep hips elevated and inline; avoid letting them sag when lifting the leg. The body should remain in one plane (don't roll forward/backward). If balance is an issue	 try it on your forearm or with your bottom knee down initially. People with shoulder or wrist problems might need to skip or modify (use forearm or do just side plank holds). Don't swing the top leg; lift with control to avoid yanking on lower back or losing balance. Exhale when lifting the leg to help core engagement."	"Typically included in advanced core or Pilates routines. Best done when fresh (near start of core workout) because it demands coordination and strength; performing it after fatiguing exercises may risk form. Usually performed for low reps per side (e.g.	 5-10 lifts) or short hold times	 since it is quite strenuous. Training it 1-2 times a week is sufficient for benefits	 as part of a comprehensive core program. Emphasize quality over quantity due to its difficulty."	side-plank-leg-raise\tPilates-leg-pulls	"Maintain a strong side plank alignment first – shoulder over elbow or wrist	 hips forward. As you lift the top leg	 lead with the heel slightly to activate outer glutes	 and only raise as high as you can without tilting your pelvis (a moderate height is fine). Inhale before lifting	 exhale as you raise the leg. A common progression in Pilates is to hold the leg up for a moment or do small pulses. Keep the movement smooth. This exercise requires both strength and grace	 so focus on precision rather than speed."	Famme – Leg Pull Side Description; https://famme.ee/blogs/trening/leg-pull-side-en
power-clean-thruster	Power Clean Thruster	"Perform a power clean to bring a barbell from floor to shoulders	 then immediately do a thruster (front squat + push press overhead)."	repetition-based	general-fitness	3	5			FALSE	TRUE	quads\tglutes\thamstrings\tshoulders\ttriceps\tcore	equipment:barbell\tcategory:strength\tfull-body\tpower\texplosive	"A highly efficient full-body exercise that develops strength	 power	 and cardiovascular endurance simultaneously. The power clean portion engages the hips	 hamstrings	 glutes	 back	 and arms explosively	 while the thruster works the quads	 glutes	 shoulders	 and triceps in a fluid squat-to-press motion. Together	 this complex improves coordination and athletic power (triple extension and explosive leg/arm drive). It elevates heart rate	 aiding conditioning	 and trains the body to move a weight from ground to overhead using nearly every major muscle group."	"This is technically demanding; master cleans and thrusters separately first. Use a weight you can handle with good form – too heavy can lead to injury especially as you fatigue. Maintain a flat back and engaged core during the clean to protect your spine	 and ensure you catch the bar in a strong front rack (elbows up). In the thruster	 squat at least to parallel	 drive through heels	 and lock out overhead without hyperextending your lower back. Those with mobility limitations in shoulders or wrists should address those before attempting full thrusters or modify (e.g.	 use dumbbells). Always drop the bar if you lose control—better to fail safely than risk injury by muscling through bad form. Keep repetitions relatively low to focus on explosive quality."	"Often used in CrossFit or HIIT-style workouts due to its full-body nature. It can be the centerpiece of a workout (e.g.	 doing multiple sets of 3-6 reps for power) or part of a metabolic circuit. Best done early in a session	 right after warm-up	 when energy and focus are highest	 as it requires coordination and explosiveness. Ensure significant rest between sets if training for power (2-3+ minutes). In circuit training	 if used for conditioning	 moderate weights and reps with incomplete rest might be programmed	 but form must remain a priority."	burpee-deadlifts\tpush-press	"Break it into a smooth flow: perform the clean explosively but under control	 and as you stand from the clean	 go straight into the squat for the thruster	 using that momentum to press overhead. Breathe in during the set-up	 exhale during the explosive phases (clean pull and driving up in the thruster). Wear secure footwear and consider using bumper plates so you can drop the bar if needed. It's normal for this exercise to be very taxing – start with lower reps and lighter weights until technique is solid. Focus on a strong hip extension in the clean and a powerful leg drive in the thruster for maximum efficiency."	Healthline – Thruster Benefits (Front Squat to Press); https://www.healthline.com/health/fitness-exercise/thrusters
snatch-high	Snatch High Pull	"With a wide (snatch) grip	 explosively pull a barbell from floor to chest height by extending hips and shrugging	 keeping elbows high (like the first part of a snatch without the overhead catch)."	repetition-based	general-fitness	3	5			FALSE	TRUE	hamstrings\tglutes\ttraps\tquads\tlower-back	equipment:barbell\tcategory:strength\tpower\tposterior-chain\tolympic-lift	"Develops explosive pulling power and strength in the posterior chain – especially hamstrings	 glutes	 and lower back – as well as the upper back and traps which are used to pull the bar high. It reinforces proper snatch technique (powerful hip extension and upright high elbows) for weightlifters	 and even for general training it builds upper-body power and trap development. Improves coordination of triple extension (ankles	 knees	 hips) without the complexity of the full snatch. Over time it increases total body power output	 benefiting athletic performance in jumps and pulls	 and contributes to upper back strength and shoulder stability by dynamically engaging those regions."	"Requires good form to avoid injury: maintain a flat back and keep the bar close to your body; arms should only bend after hip extension is complete (don't turn it into an upright row from the start). Use moderate weights until technique (timing of hip explosion and elbow lift) is mastered. Avoid leaning back or pulling too much with the arms – focus on legs and hips doing the work then just guiding with arms. Straps can be used if grip is limiting	 but ensure not to sacrifice technique for load. Those with limited shoulder or ankle mobility should work on that concurrently	 as proper positioning is important (e.g.	 start like a deadlift/squat combo). If lower back tightness occurs	 lighten the weight and check form (could indicate using back instead of legs)."	"Usually performed as part of Olympic weightlifting training or power-focused workouts. Place it early in a session (after warm-up) when power output is highest. Use low reps (2-5) for multiple sets since it's a power exercise. Rest adequately (2-3 minutes) between sets for quality. It might be trained 2-3 times per week for weightlifters	 or once a week as part of a general strength program. Not typically done under fatigue or in circuits	 as it is technical and benefits from full effort each rep."	overhead-squat\tpower-snatch	"Focus on leg drive and shrug: imagine trying to jump and shrug the bar up rather than 'yanking' with your arms. Your elbows should stay above the bar during the high pull (think about pointing them to the sides at the top). Keep the bar close to your body – you can even brush it along your shirt. Inhale	 brace	 then explode upward on the pull	 exhaling as you complete the movement. Reset your start position each rep (don't do touch-and-go initially) to ensure consistent form. Use light weights until the movement feels powerful and fluid."	Fitbod – Snatch High Pull Form; https://fitbod.me/exercises/snatch-high-pull
press-under	Press Under	"From a barbell on the front rack (shoulders)	 dip quickly and 'press' yourself under the bar	 catching it overhead in a partial squat (as in a push jerk)."	repetition-based	general-fitness	3	5			FALSE	TRUE	legs\tcore\tshoulders\tupper-back\ttriceps	equipment:barbell\tcategory:strength\tpower\tolympic-lift\toverhead	"Trains the explosive **drive and catch phase** of lifting overhead (similar to a push jerk) – developing upper-body power and speed under the bar. It teaches coordination: rapidly dropping into a squat while locking the bar overhead. Builds strong	 stable shoulders and triceps from catching and holding the weight overhead. Also improves core and leg power by using the quick dip and drive from the legs. Essentially	 it increases the amount of weight one can put overhead by utilizing the lower body and speed	 and enhances athletic qualities like timing and agility."	"Complex movement – master push press and basic jerks first. Keep torso upright during the dip; if you lean forward	 the bar will go out front. Use only a light to moderate weight until timing is perfected; incorrect timing or footwork can cause missed lifts or injury. Your grip and shoulder mobility should allow a quick transition to locked arms – if shoulder mobility is lacking	 work on that to avoid strain. Those with shoulder impingement should be cautious	 as the rapid overhead press can aggravate it. Always use bumper plates or spotters for safety if you need to bail. Land with knees bent to absorb the load	 not stiff-legged. Breathe and brace on the dip	 but avoid holding breath too long through multiple reps to prevent dizziness."	"Usually practiced in Olympic weightlifting routines or athletic training sessions at the beginning when neuromuscular coordination is fresh. Do after thorough warm-up (especially shoulders and wrists). Typically done in low reps (2-5) for multiple sets	 focusing on speed and precision rather than fatigue. Training 1-2 times per week is common if improving jerk technique or power. Because it’s technical	 it’s not done in conditioning circuits; rather	 in controlled sets with full recovery to ensure quality execution."	push-press\tfront-squat	"Think of it as pushing yourself under the bar	 rather than pushing the bar up. From a slight knee bend (dip)	 extend explosively and simultaneously drive under – your feet may momentarily lift. Punch hard to lock the arms as you drop. Practice with an empty bar to dial in the timing: dip	 drive	 press under. Ensure elbows start slightly forward in the rack position and finish locked with bar above and slightly behind head	 torso straight under bar. Keep core tight to avoid any forward collapse. **Key cue**: legs extend then immediately knees re-bend as arms lock out."	CrossFit – Push Jerk Benefits (Press Under); https://www.crossfit.com/essentials/the-push-jerk
lever-stepper	Lever Stepper	"Use a lever (machine) stepper: stand on the pedals and grip the handles	 then perform stepping motion (one foot presses down as the other rises) in a smooth rhythmic manner."	time-based	general-fitness			60		FALSE	TRUE	quads\tglutes\thamstrings\tcalves	equipment:machine\tcategory:cardio\tmachine\tlow-impact\tlower-body	"Provides a low-impact cardio workout focused on the lower body. Simulates stair climbing or stepping to strengthen quads	 hamstrings	 glutes	 and calves while raising heart rate. Using the lever handles can also involve the upper body slightly	 increasing oxygen demand. Great for improving lower-body muscular endurance and cardiovascular fitness with minimal joint impact. Also improves coordination between arms and legs if handles are moving. It's an effective calorie-burning exercise that also trains functional movement patterns similar to climbing stairs	 thereby potentially improving everyday stamina for activities like stair navigation."	"Maintain an upright posture and avoid leaning heavily on the handles (if present) – using them too much can reduce the exercise's effectiveness and might strain wrists/shoulders. Start with a comfortable stepping rate; too fast can cause you to lose form. If the machine allows resistance adjustments	 begin low to get used to the motion. People with knee issues should monitor discomfort – the step motion is generally low-impact	 but high resistance might aggravate some conditions. As always	 stay hydrated and step on center of pedals to avoid any ankle rolling. Keep movements smooth; do not lock knees. And if you feel dizzy or excessive strain	 slow down or take a break (especially when first incorporating new cardio equipment)."	"Ideal for cardio portions of a workout or as a warm-up. Can be used in HIIT (alternating intense stepping with slower pace) or steady-state cardio sessions. Commonly utilized for 10-30 minute durations depending on fitness level. Frequency could be 3-5 times a week if it's the primary cardio modality. It's often found in gym cardio areas	 but also in circuit training (e.g.	 doing 1 minute on stepper between strength exercises). Because it's gentle on joints	 many incorporate it on active recovery days just to get blood flowing."	stationary-bike\telliptical	"Start stepping at a slow rate to get the machine moving	 then find a rhythm where your breathing elevates but you can sustain it. Keep your core engaged and hips under your shoulders – don't stick your butt out or lean too far. If the machine has independent handles	 coordinate arm and leg movements naturally (like climbing). For more intensity	 you can increase the stepping speed or resistance rather than hunching or stomping. Use the full range of the pedals – press down completely without bottoming out abruptly	 and let it rise up but don't let your foot lose contact. Consistency is key for cardio benefit	 so find a pace you can maintain for the duration."	TrainHeroic – Stair Stepper Benefits; https://www.trainheroic.com (touches on cardio and lower-body benefits of stair-stepping machines)
seated-neck-tap	Seated Neck Tap	Sit upright. Tilt your head to one side and gently tap the side of your neck (just below ear) with your fingertips. Repeat on the other side. (This combines a light stretch with tapping massage.)	repetition-based	general-fitness	1	8			FALSE	TRUE	flexibility\tneck	equipment:bodyweight\tcategory:flexibility\tneck\tmobility\trelaxation	"Helps relieve tension in the neck muscles (especially upper trapezius and sternocleidomastoid) by combining a gentle stretch (tilting head) with light percussive massage (tapping). The tapping increases blood flow and can encourage the tight muscles to relax. This can improve neck mobility (side-bending range) and reduce feelings of stiffness or stress-related tightness in the neck and shoulders. It's a simple exercise that promotes relaxation and can be done anywhere	 making it useful for quick relief from desk work stiffness or anxiety-related neck tension."	"Perform the movement gently – the neck is sensitive	 so the tilt should be mild (just until a stretch is felt) and the taps should be light finger taps	 not slaps. Avoid tapping directly on the spine or front of throat – stick to the side muscles. Keep shoulders down while tilting to avoid shrugging and getting less of a stretch. If you have a serious neck condition (like a pinched nerve or cervical spine injury)	 do not perform without medical advice. Breathe slowly as you do it	 since it's as much about relaxation as mobility. If any pain (beyond mild discomfort/stretch) occurs	 stop the movement."	"Perfect as a micro-break exercise during long periods of sitting	 reading	 or computer work. Can be done in the morning or evening to ease neck muscle tone	 or as part of a cool-down after workouts that involve the neck/shoulders (like boxing	 swimming	 etc.). It's gentle enough for daily use – even multiple times a day. One might do 5-10 taps per side	 repeating the sequence 1-3 times. Often paired with other neck stretches (like turning or nodding motions) in a quick neck-relief routine."	neck-rolls\tshoulder-shrugs	"Sit tall and drop your right ear toward your right shoulder (without lifting the shoulder). With your right hand	 you can tap along the left side of your neck (the stretched side) using your fingertips – think of drumming lightly. Do this for a few seconds while breathing deeply	 then slowly raise your head and repeat on the other side. The tapping should feel pleasant	 not harsh; imagine you're lightly playing a piano on your neck. You can experiment with tapping with finger pads vs. fingertips to see what feels best. Often	 people feel immediate relief or warmth in the area from the increased circulation."	Healthline – Neck Stretches and Tension Relief; https://www.healthline.com/health/neck-exercises (includes gentle neck movements and self-massage tips)
elbow-flexion	Elbow - Flexion (Articulations)	"Stand or sit with one arm extended forward	 palm up. Bend the elbow	 bringing palm toward shoulder (like a biceps curl with no weight)	 then straighten arm. Repeat slowly."	repetition-based	general-fitness	1	10			FALSE	TRUE	mobility\tbiceps	equipment:bodyweight\tcategory:flexibility\tjoint-mobility\twarm-up	"Maintains and improves range of motion in the elbow joint by repeatedly bending and straightening it. Gently engages the biceps and brachialis without weight	 promoting synovial fluid movement and blood flow in the elbow. Regular elbow articulations can help prevent stiffness	 especially important if you've been immobilized or after long periods of desk work. It's useful as a warm-up before resistance exercises (like curls or push-ups) to 'grease' the elbow joint. Also valuable in rehabilitation to restore normal elbow movement post-injury. Overall	 it primes the elbow for activity and can help detect any soreness or tightness before loading the joint."	"Move through a pain-free range: if you have an injury or arthritis and full flexion/extension hurts	 only go as far as comfortable. Don't force the elbow to fully lock out if it causes hyperextension discomfort; just straighten to normal. Keep shoulder relaxed; only the forearm should move (avoid swinging your whole arm). Because it's easy	 some might go very fast – but control is better to actually warm the joint. Those with very loose joints should avoid snapping the elbow straight to prevent overstretching. Breathe normally and don't hold your breath (people sometimes do even in simple moves)."	"Use in warm-ups especially if you're about to do arm-intensive exercises (like weightlifting for biceps/triceps	 or sports like tennis). Also good in the morning or during breaks to gently move the joints. Typically done for 10-15 repetitions per arm	 possibly for 1-2 sets. Since it's very low intensity	 it can be done daily. In rehabilitation contexts	 a physical therapist might recommend multiple short sets throughout the day to regain range. As a simple mobility drill	 doing it every other day or so as part of a full-body joint routine is fine too."	arm-circles\twrist-circles	"Keep the upper arm fairly still (imagine your elbow is pinned at your side even if arm is forward) so that the hinge of the elbow is doing the work. You can support that by placing your opposite hand under your upper arm. Smoothly bend (imagine flexing to show your biceps) then smoothly extend. You can rotate your palm down as you extend (pronate) and palm up as you flex (supinate) to engage different forearm muscles too. This is essentially a pretend light dumbbell curl – treat it as such and focus on the elbow's movement quality. If doing both arms simultaneously	 keep them symmetrical for coordination."	American Academy of Orthopaedic Surgeons – Elbow Range of Motion Exercises; https://orthoinfo.aaos.org (guidelines on gentle elbow flexion/extension movements for mobility)
side-kick-burpee	Side Kick Burpee	"Do a standard burpee (squat down	 jump to plank	 push-up optional	 jump feet back in) and as you stand up	 throw a side kick with one leg. Alternate the kicking leg each burpee."	repetition-based	general-fitness	2	8			FALSE	TRUE	quads\tglutes\tshoulders\tcore	equipment:bodyweight\tcategory:cardio\tfull-body\tHIIT\tplyometric	"Combines the full-body conditioning of a burpee with a martial-arts-style side kick for added leg power and lateral core engagement. Great for cardiovascular endurance and calorie burn	 as burpees elevate heart rate rapidly. The side kick specifically works the hip abductors (glute medius)	 quads	 and core (for stability during the kick) while also improving balance and agility. This move increases functional strength by training explosive leg power in the kick and total-body coordination. It's a high-intensity exercise that develops athleticism (the ability to go from ground to jumping to kicking) and can spice up a burpee routine by adding variety and an extra challenge to the legs and core."	"High-intensity and complex: ensure you can do burpees with good form and have basic kicking technique before combining. When kicking	 don't lock your knee at full extension – extend it forcefully but under control to avoid joint strain. Pivot on the supporting foot and lean slightly away when kicking for balance (like proper kick technique). Those with knee or ankle issues should step back instead of jump back in the burpee and perform a low chamber kick rather than explosive high kick. Do not sacrifice form for speed; a sloppy kick or burpee can lead to injury. If space is an issue	 be very mindful of your surroundings when kicking. As this is plyometric	 make sure you're warmed up and land softly in each phase to protect joints."	"Use in high-intensity circuits or martial-arts-themed conditioning. It can be part of a HIIT round (e.g.	 AMRAP of side-kick burpees for 30 seconds	 then rest). Because it's very taxing	 it's usually done for short durations or low reps (e.g.	 5-10 per side in a set). It's not typically done every day; 1-2 times a week in a HIIT session is plenty for most. If included in a bootcamp class	 it might be one of the toughest stations. Place it when you have enough energy to maintain good kick form (perhaps early-mid workout). Always follow it with a bit of rest or a lower intensity station to recover."	jumping-jacks\tmountain-climbers	"Focus on a proper side kick: after coming up from the burpee	 chamber your knee	 then snap the kick out to the side (aim hip height or higher if flexible)	 striking with your heel. Retract the kick with control. As soon as the kick is retracted	 smoothly go back down into the next burpee. Try to alternate sides fluidly: e.g.	 burpee then right kick	 next burpee then left kick. Breathe out sharply when kicking (like martial artists do). If you get winded	 pause rather than doing half-hearted kicks. Quality burpee (with a straight-body plank and solid jump) plus a sharp kick each time beats doing double the number poorly."	SELF Magazine – Cardio Kickboxing Moves; https://www.self.com (features burpee-kick combos in a kickboxing circuit)
butterfly-pull-up	Butterfly Pull-up	"Hang from a pull-up bar and perform kipping pull-ups with a continuous circular motion (the 'butterfly' technique)	 allowing for faster	 cyclic reps using hip momentum."	repetition-based	general-fitness	3	8		1.0	FALSE	TRUE	lats\tbiceps\tupper-back\tcore	equipment:pull-up-bar\tcategory:strength\tupper-body\tarms\tcrossfit	"Allows faster cycling of pull-ups	 useful in CrossFit-style workouts to achieve more reps quickly. Primarily still works the latissimus dorsi	 biceps	 and upper back like a pull-up	 but by using a cyclic kip	 it also heavily engages the core and hip flexors to generate momentum. The benefit is improved muscular endurance and grip endurance – you can do more pull-ups before fatigue by distributing effort. It also trains coordination and rhythm. While not as strict-strength-building as dead-hangs	 butterfly pull-ups build a kind of functional stamina and teach efficient body movement. They are particularly useful for competitive fitness scenarios where economy of motion is key. Over time	 practitioners develop better grip strength	 aerobic capacity in upper body	 and efficient kip timing."	"This is an advanced technique and should be learned only after mastering strict and kipping pull-ups – attempting butterfly pull-ups without sufficient strength or technique can lead to injury (hands tears	 shoulder strain). Form is crucial: a poor butterfly can stress the shoulders. Make sure to maintain an active shoulder (don't fully relax at bottom) to protect joints. Use chalk or grips to prevent hand tears when practicing lots of reps. Stop when grip fails – falling off the bar is a risk if you push too far. Shoulders should move in a controlled circular path; if you feel a jolt or catch	 reset. People with any shoulder impingement or instability should avoid high-rep kipping to prevent aggravation."	"This move is specific to CrossFit/competitive settings – typically used in WODs (Workouts of the Day) when large volumes of pull-ups are required. You'd include them in a workout where the goal is max reps or speed	 not usually in a strict strength phase. Frequency depends on programming; some might practice a few sets a couple times a week to refine technique	 while competitors will do them whenever the WOD calls for it. Always include warm-up and mobility work for shoulders beforehand. After doing butterfly pull-ups in a workout	 allow recovery (since high-rep pull-ups can cause soreness or even rhabdo if overdone)."	kipping-pull-up\ttoes-to-bar	"Focus on keeping a hollow-body to arch kip rhythm: as you cycle through	 push the bar away at the top and pull through at the bottom to maintain momentum. The motion should be smooth and cyclic	 like pedaling backward on a bike. Keep your gaze neutral (some look forward at bar). Practicing small sets (e.g.	 3-5) to get the feel is better than trying a huge set initially. Grip the bar firmly but not death-grip to save forearms. Exhale on each pull	 inhale as you fall through. If you start to lose rhythm	 drop off	 shake out	 and re-set rather than flailing – flailing can stress shoulders. Butterfly pull-ups are about finesse	 not brute force."	"CrossFit Journal – Butterfly Pull-up Technique; (covers efficiency and mechanics of the butterfly kip) – *CrossFit Journal article by Chris Spealler	 2008* (no direct link here	 but widely cited in CrossFit community)."
front-scoops	Front Scoops	"Stand with one leg forward (heel on ground	 toes up). Hinge at the hips and 'scoop' your arms down toward that foot	 feeling a hamstring stretch	 then rise and switch legs moving forward (dynamic hamstring stretch)."	repetition-based	general-fitness	1	10			FALSE	TRUE	flexibility\thamstrings\tcalves	equipment:bodyweight\tcategory:flexibility\tdynamic-stretch\twarm-up	"A dynamic hamstring stretch often used in warm-ups to loosen the posterior chain. By 'scooping' down with arms	 you actively stretch the hamstrings and calves of the front leg in a controlled motion	 while also engaging the lower back and core to stabilize. It improves hamstring flexibility and prepares the muscles for exercise by mimicking the motion of a shallow toe-touch in motion. Also raises body temperature slightly and reinforces good hinging form (hips back	 flat back). Regularly doing front scoops can increase your range of motion in hamstrings	 aiding performance in running	 kicking	 and bending movements and helping prevent hamstring pulls	 especially when done prior to activity."	"Keep the movement flowing; avoid bouncing aggressively at the bottom to prevent muscle strain. Your reach should go until you feel a stretch in the hamstring – you don't actually have to touch your toes or the ground if you're not flexible enough. Ensure your front knee is slightly bent (not locked) to protect it and to focus stretch on muscle	 not just tendon. Maintain a flat back during the scoop (don't round excessively) to distribute stretch and avoid lower back strain. People with existing hamstring injuries should do this very gently or stick to static stretches until healed	 as the dynamic nature could aggravate a not-yet-healed tear. Shoes with good support or doing it on even ground is recommended to prevent slips during the transition of legs."	"Best employed as part of a dynamic warm-up	 particularly before running	 sports	 or leg workouts. Typically included after some light cardio	 performing ~10 scoops (5 each leg alternating). It can be done for a couple sets if hamstrings are very tight. It's not usually done during a workout (since it's a stretch)	 but could be repeated in a cool-down at a slower pace. Frequency can be every workout day or daily if needed for flexibility – it's low strain. Especially useful in the morning or after long sitting to stretch hamstrings dynamically."	walking-lunges\tleg-swings	"Stand tall at the start	 then as you step forward with your heel down	 push your hips back and sweep your arms down as if trying to scoop under your toes. Keep your front leg fairly straight (slight bend) and back leg straight. You should feel a stretch but not pain. Rise up and step the back leg forward into the next scoop. Coordinate breath: exhale when scooping down	 inhale as you come up. Keep movements smooth and continuous	 like a gentle pendulum. If balance is an issue	 do them in place by alternating feet forward without traveling forward. Over time	 try to reach a bit further as flexibility improves."	"U.S. Track & Field Dynamic Warm-up – 'Scoops'; common drill recommended by coaches (e.g.	 at running clinics	 front scoops are demonstrated as ideal hamstring warm-up)"
shoulder-flexion	Shoulder - Flexion (Articulations)	"Stand or sit with arms at your sides. Keeping arms straight	 raise them forward and up above your head (palms facing in) as far as comfortable	 then lower back down. Repeat slowly."	repetition-based	general-fitness	1	10			FALSE	TRUE	shoulders\tmobility	equipment:bodyweight\tcategory:flexibility\tshoulder-mobility\twarm-up	"Helps maintain and improve overhead range of motion by moving the shoulders through full flexion (overhead reach). It warms up the shoulder joint and lightly engages the front deltoids and traps without weight. This can improve posture (many people are tight and struggle to fully raise arms) and prepare the shoulders for exercises or daily tasks involving reaching up. Regular shoulder flexion movements can prevent stiffness from desk work and reduce risk of shoulder impingements by keeping the joint mobile and muscles balanced. Also	 by actively raising arms	 you're activating the serratus anterior and trapezius in their upward rotation function	 which can improve shoulder blade mobility and stability."	"Perform the raises in a pain-free range; if you feel pinching as arms near ears	 only go to just before that point – don't force through sharp pain. Avoid arching your lower back as you lift – keep core engaged to isolate the movement to your shoulders. Keep movements slow and smooth; this isn't about swinging the arms. If you have a shoulder injury or very limited range	 you might do this lying down (on back) initially or with one arm at a time to focus. Also ensure you're not shrugging excessively – let shoulder blades rotate naturally but not up into ears too much. Breathe normally and avoid holding breath as you concentrate."	Use as part of a warm-up routine (especially before upper-body or shoulder workouts) to ensure the shoulders are ready for overhead motions. Also good as a quick break activity if you've been slumped forward to open up shoulders. Frequency can be daily; it's gentle mobility. Typically 1-2 sets of 10 controlled reps is sufficient in a warm-up. It might also be used in rehab settings where you'd do multiple sets spaced out through the day to reclaim range of motion. It's appropriate to do after workouts too as part of cool-down mobility to reinforce range.	shoulder-circles\twall-slides	"Stand with good posture (ears	 shoulders	 hips aligned). As you lift your arms	 keep thumbs pointing forward or slightly out (some prefer palms facing each other) – this externally rotates slightly and can be more comfortable. Think about keeping your ribs down (to prevent back arch). Raise until biceps are by your ears (or as far as you can without pain). Then return them down to your sides. You can inhale as arms go up	 exhale as they go down. If doing one arm at a time	 you can place the other hand on your ribcage to monitor that it's not flaring. Smooth motion is key. Over weeks	 you may find you can reach a bit further pain-free if you were tight."	Mayo Clinic – Shoulder Stretching/Flexibility; https://www.mayoclinic.org/healthy-lifestyle (demonstrates overhead arm raises for shoulder mobility in various resources – often recommended in desk stretch guides).
shoulder-transverse-flexion	Shoulder - Transverse Flexion (Articulations)	"Stand with arms out to sides at shoulder height (like a T). Keep arms straight and bring them forward and together in front of you (like giving a hug)	 then return to the T. Alternate which arm is on top each time."	repetition-based	general-fitness	1	10			FALSE	TRUE	chest\tshoulders\tmobility	equipment:bodyweight\tcategory:flexibility\tshoulder-mobility\tchest	"Improves horizontal adduction flexibility of the shoulders and stretches the upper back. By opening and closing the arms (like a hug)	 you activate and stretch the pectoral muscles when arms are back	 and stretch the rhomboids and rear delts when arms come forward. This helps maintain shoulder joint mobility in the transverse plane	 which is important for healthy shoulders and posture. It can reduce tightness in the chest and front of shoulders (which often pull shoulders forward) and alleviate mild upper back tension by expanding those muscles. It's a gentle dynamic chest opener and upper back stretch that also mildly warms up the shoulder joints and muscles."	"Keep the movement controlled and avoid jerking your arms. When bringing arms back to the T	 don't force them too far past your body line – you should feel a mild stretch in the chest	 but not strain. If you have shoulder injuries or a history of dislocations	 be cautious about the extreme end-ranges (especially the open T position); keep it within comfort. Ensure arms stay at shoulder height – not drooping – to target the right areas. Also avoid shrugging. If any shoulder impingement symptoms occur (like a pinch when arms forward)	 limit how far you cross them. Maintain an upright posture; don't let the chest collapse when arms come forward."	"Use as a warm-up or mobility drill	 especially before upper body workouts (prepping the shoulders and chest for pressing or throwing motions). Also great as a quick stretch during work or after workouts to keep shoulders loose. It's gentle enough to do daily. Typically 10 controlled reps (alternating top arm) is sufficient as part of a warm-up	 maybe for 1-2 sets. For cool-down	 similarly 1-2 sets to loosen up. It's commonly combined with arm circles and other shoulder mobility moves for a comprehensive routine."	pec-stretch\tband-pull-aparts	"Stand tall	 arms at shoulder height out to sides. When you cross in front	 alternate which arm goes over/under the other to evenly mobilize both shoulders. Think of it as giving yourself a hug – each time try to reach a little further around your back (but without straining). Then open back up until you feel a gentle stretch across your chest; imagine pinching a pencil between your shoulder blades when fully open. Breathe in as you open	 breathe out as you hug (this can help deepen the stretch). Keep your head neutral and avoid jutting chin forward during the hug motion. Smooth rhythmical motion is the goal	 not a static hold (though you can pause briefly in each position if it feels good)."	Physiopedia – Shoulder Mobility Drills; https://www.physio-pedia.com (lists horizontal arm swings/hugs as a way to increase shoulder flexibility and warm up the shoulder girdle).
forearm-supination	Forearm - Supination (Articulations)	"Stand or sit with elbows bent 90° at your sides	 forearms extended forward. Rotate your forearms to turn palms up (supination) then palms down (pronation). Repeat."	repetition-based	general-fitness	1	10			FALSE	TRUE	forearms\tmobility	equipment:bodyweight\tcategory:flexibility\tforearm\tmobility\trehab	"Enhances rotational mobility of the forearm (the radius and ulna twisting). Helps prevent stiffness in movements like turning a doorknob or screwdriver by working the pronator and supinator muscles in a gentle manner. It can improve overall forearm flexibility and can aid in rehab for elbow or forearm injuries by restoring normal pronation/supination range. Also warms up the wrist and elbow joints through the associated movement. Regular practice can reduce tension for those who do repetitive motions (like typing or wrenching) by moving joints through their full range	 potentially decreasing risk of overuse injuries. It's a simple drill to keep the forearms and wrists agile and blood flowing through those smaller muscles."	"Only rotate as far as comfortable – some people have more range. Avoid forcing your hands palm-up if your flexibility stops before fully up; with consistent practice range will improve. Keep elbows at your sides to isolate the movement to the forearm; if elbows drift	 you're involving the shoulder. If you have existing forearm tendinitis (golfer/tennis elbow)	 do this motion slowly; fast rotation can sometimes irritate it. Breathe normally and relax your hands (no need to clench fists). If any pain (not just tightness) occurs	 shorten the range or stop – some injuries may require more gentle or assisted movements at first."	"This articulation is great in warm-ups (for example	 before weightlifting moves that require supination like biceps curls	 or sports like badminton/tennis) and during breaks from repetitive tasks. In rehab	 it might be done multiple times a day in very low intensity sets to regain movement. For general use	 doing 1-2 sets of 10-15 rotations each way during your workout warm-up or morning stretch routine is plenty. It can be done daily as part of a joint mobility routine since it's not strenuous."	wrist-circles\telbow-articulations	"Keep upper arms glued to your ribs and imagine a rod through your forearm that you're rotating. Turn palms up (supination) as much as possible (trying to get pinky side of hand toward the outside)	 then turn palms down (pronation) as if pouring something out. Go smoothly back and forth. You can hold a light object like a pen or stick in your hands as a reference – you'll see it rotate which might help gauge range. Aim to have your palms face completely up and down; if not	 just go to your end points and gradually that may increase. Remember: it's not about speed; it's about reaching the end ranges gently. This can also be done with elbows straight out in front for a different feel	 but bent is usually more comfortable to start."	Physiotherapy Exercises – Forearm Rotation; https://www.physiotherapyexercises.com (suggests supination/pronation exercises for elbow and forearm rehab/mobility).
brachialis-pull-up	Brachialis Pull-up	"Hang from a bar with an underhand (chin-up) grip at shoulder-width. Pull up until chin is over bar	 focusing on the tension in your arms	 then lower down. (A narrow underhand pull-up targeting brachialis.)"	repetition-based	general-fitness	3	6			FALSE	TRUE	lats\tbiceps	equipment:pull-up-bar\tcategory:strength\tupper-body\tarms\tpull-up	"Emphasizes the brachialis muscle (deep elbow flexor) due to the underhand close grip	 while still working the lats and biceps like a standard chin-up. By using a moderate shoulder-width supinated grip	 it shifts more load to the arms (brachialis and biceps) and slightly less to the broad back muscles	 making it great for arm strength and development. Strong brachialis adds to overall pulling power and arm size (it lies under the biceps and can push them up). Still	 it engages the lats and middle back significantly	 contributing to upper-body strength. Overall	 this variation can improve your chin-up numbers and pulling endurance	 and place extra stimulus on the arms for hypertrophy."	"As with any pull-up	 use full range of motion – but avoid fully locking out and relaxing at the bottom as that can strain elbows; keep shoulders engaged. An underhand grip can put more pressure on wrists – ensure wrists are warmed up and you grip the bar firmly. Those with wrist or elbow tendinitis might prefer a neutral grip instead to reduce strain. Do not swing or kip; keep it strict to really hit the brachialis. If you can’t complete a rep with good form	 use a band or assist until stronger – don't strain and risk a tendon injury by forcing reps. Also	 avoid flaring elbows out; keep them pointing forward to target arms more and protect shoulders."	"Use in upper-body or arm-focused workouts	 typically in the middle or towards the end (since compound back moves might come first). You might do 2-4 sets of 4-8 reps with added weight (if strong enough) or bodyweight for hypertrophy. Training frequency can be 1-2 times a week	 similar to other pull-up variations	 allowing rest for the arms. It's a good alternative to standard chin-ups for an “arm day” or included on back day as a finisher to really cook the biceps. Ensure at least a couple days of rest before/after heavy biceps work when including these	 to avoid overuse."	chin-ups\tneutral-grip-pull-ups	"Use a shoulder-width grip (not as narrow as possible	 which is a different variation) – this alignment will hit brachialis well while being easier on wrists than ultra-narrow. Imagine pulling with your elbows – driving them down and back – to engage arms and back together. Squeeze at the top for a second to maximize tension on the arms	 then lower slowly (around 2 seconds down) to increase brachialis time under tension. Keep chest up and shoulders away from ears (do not shrug as you pull). If your grip gives out before your arms	 consider straps to allow brachialis to reach fatigue. Always balance these with some neutral or pronated grip pulls in your program to keep elbows healthy."	"Strength Training Anatomy (3rd Ed.) – Frédéric Delavier; (illustrates how underhand chin-ups target brachialis and biceps – reference text	 no URL) – emphasizes brachialis involvement in chin-ups."
brachialis-narrow-pull-up	Brachialis Narrow Pull-ups	"Hang from a bar with a very close underhand grip (hands only a few inches apart). Pull up until chin is over bar	 then lower. (An extreme close-grip chin-up emphasizing arms.)"	repetition-based	general-fitness	3	6			FALSE	TRUE	lats\tbiceps	equipment:pull-up-bar\tcategory:strength\tupper-body\tarms\tnarrow-grip	"The extremely narrow	 supinated grip shifts the pull-up focus even more to the elbow flexors (brachialis and biceps)	 while still engaging the lats. This intense arm positioning can heighten brachialis activation due to mechanical disadvantage of lats in that position. It’s great for targeting the inner portion of the biceps and brachialis for strength and hypertrophy. You’ll also involve the forearms heavily (for grip and supination effort). Overall it builds upper-body pulling strength	 but is often used as an arm specialization exercise. It can also highlight any left-right strength imbalances if one arm tends to dominate in the close grip. Building strength here can carry over to stronger standard pull-ups and improve arm muscularity."	"The close hand position can be stressful on wrists – ensure a thorough warm-up and don't force the hands too close if it causes pain; a gap of 4-6 inches between index fingers is a common compromise. Elbows will naturally flare a bit at the top; that's okay	 but start the pull keeping them forward. Avoid momentum or kipping	 especially because the narrow base makes shoulders vulnerable to twisting if you swing. If you feel any inside elbow pain (tendons)	 stop – this grip can aggravate tendinitis if overdone. Start with low reps to adapt the joints. Use assistance if you cannot do at least ~5 clean reps to avoid straining with poor form. As always	 shoulder blades should move smoothly (retract at top	 protract at bottom) – don't lock them out sloppily."	"Use sparingly in training – maybe at the end of back/biceps workout for 2-3 sets of as many quality reps as possible (which might be low). Frequency 1x/week is enough for most	 as it's quite specific and can be strenuous on tendons. It's a nice variation for advanced trainees looking to max out arm work; beginners are better off with slightly wider chins. If included	 ensure other pull-up variations in the program to vary grip stress. It's not typically done weighted because the close position is already hard; focus on bodyweight and higher rep ranges (8-12) if possible for hypertrophy benefit	 with strict form."	close-grip-lat-pulldown\tpreacher-curls	"Keep your hands supinated (palms facing you) and literally almost touching on the bar. From a dead hang (but active shoulders)	 initiate by pulling shoulder blades down	 then bend elbows driving them straight down until your chin clears. Because hands are so close	 you'll feel your biceps squashed a bit – that's normal. Squeeze at the top	 then lower until arms are nearly straight (don't relax fully). If your wrists feel awkward	 try wrapping your thumbs the same side as fingers (false grip) to relieve strain. Breathe out on the way up	 in on the way down. If you start to fatigue and lean to one side	 end the set – that indicates one arm is taking over	 which you don't want. Over time	 this move can put size on your arms	 but it must be done with patience and good form to avoid strain."	BetterMe – Pull-Up Variations; https://betterme.world/articles/pull-ups-muscles-worked (mentions close-grip chin-ups for biceps emphasis)
prayer-push	Prayer Push	"Stand or sit upright. Press your palms together in front of your chest (prayer position). Push them firmly against each other and slowly raise them overhead while maintaining pressure	 then return to chest level. This engages chest isometrically."	repetition-based	general-fitness	2	10			FALSE	TRUE	chest\tshoulders\ttriceps	equipment:bodyweight\tcategory:strength\tchest\tisometric\tno-equipment	"Primarily provides an isometric contraction for the chest (pectorals) and front shoulders by pressing the palms together. It helps activate and strengthen the chest muscles without any equipment – useful for beginners or as an activation drill. Overhead movement adds a bit of shoulder mobility and engages shoulder stabilizers and triceps lightly. While it won't replace heavy presses for maximal strength	 it can improve mind-muscle connection in the chest	 and for some can modestly increase chest endurance and tone when performed for time or high reps. It's also a safe way for those with certain injuries (who can't do push-ups or weights) to maintain some chest engagement. Additionally	 it can stretch the chest slightly at the top range (if elbows go out) and might aid in maintaining shoulder flexibility."	"Because it's isometric	 be mindful of breath – do not hold your breath the entire time you're pressing your palms; breathe continuously to avoid a blood pressure spike. Keep shoulders down (don't shrug) while pressing to focus tension on chest. If you have wrist issues	 pressing palms can be uncomfortable – you can instead interlock fingers and press palms of fingers and heels of hands together	 or even do it with fists. Those with very high blood pressure or prone to headaches should not push extremely hard for long durations	 as isometric strain can elevate BP. Press firm but not to the point of joint pain in wrists or excessive tremor – a moderate 70-80% effort sustained is fine. If any shoulder pain when raising arms	 limit the overhead part and just press at chest level."	"Often used as a finisher at the end of a chest workout or as an at-home exercise when no weights are available. Can be done daily since it's low strain – some do it as part of a morning routine or desk exercise to engage chest muscles. To build endurance	 you might hold each press for 5-10 seconds or do slow raises for 8-15 reps. As part of a circuit	 you might do 30-60 second bouts of pressing. It's also a good warm-up for chest before heavier exercises (activating pecs). Given its nature	 incorporate variety (angles of pressing) if used frequently to ensure balanced muscle engagement."	wall-push-up\tchest-stretch	"Stand tall and press your palms like you're trying to squeeze something between them – you should feel your chest tighten. Move your hands upward slowly (maybe a count of 3-4 seconds up) while maintaining that pressure	 then back down. Ensure elbows stay relatively out (not drooping down completely) to keep pecs engaged. You can adjust hand position slightly (higher or lower on chest) to feel different areas of the chest. Exhale as you press and lift	 inhale as you bring hands down (still pressing). If you want a different stimulus	 you can also do pulses: press-release quickly for reps	 but continuous pressure is more effective for time-under-tension. Remember this is about connecting with the chest muscles – focus on the squeeze more than the movement."	BodBot – Prayer Push Guide; https://www.bodbot.com/Exercises/1090/Prayer-push
lying-prone-w-to-y	Lying Prone W to Y	"Lie face down with arms bent	 elbows by sides (W shape). Lift chest slightly and raise arms off floor	 then extend arms forward into Y position overhead. Return arms to W and lower."	repetition-based	general-fitness	2	10			FALSE	TRUE	upper-back\tshoulders	equipment:bodyweight\tcategory:strength\tupper-back\tposture	"Strengthens the mid/lower trapezius and rhomboids by squeezing shoulder blades in the W position	 then the lower traps and shoulders by reaching into the Y. Excellent for improving posture and counteracting rounded shoulders by activating the back muscles that pull the shoulder blades down and back. Also strengthens the rear deltoids and rotator cuff stabilizers. It improves shoulder blade mobility and stability	 aiding overhead movements. As a bodyweight exercise	 it's low-load and focuses on endurance and coordination of the upper back muscles	 which can help alleviate neck and shoulder tension caused by slouching. Overall	 it's great for scapular stability and posture correction."	"Keep the movements small and controlled – don't swing your arms. If you have limited shoulder range	 your Y might not touch the floor; that's okay	 just lift as high as comfortable. Focus on squeezing shoulder blades (pinch in W	 then rotate arms up to Y). Those with shoulder impingement should be cautious; if lifting arms overhead causes pain	 limit how far you go into the Y or just work the W pulls until strength improves. Keep your chin tucked (looking at floor) to avoid neck strain. If lower back feels strained lifting chest	 you can keep chest on floor and just move arms; as strength increases	 a slight chest raise will add more benefit. Quality is key – better to do fewer reps with correct muscle activation than many cheating reps."	"Include in upper-body or back workouts	 or as part of prehab/rehab routine. Often done for 2-3 sets of 8-12 slow reps	 focusing on the contraction. It's ideal near the end of a workout (after bigger pulls) to really zero in on postural muscles	 or at the very beginning as activation for those muscles before heavy lifting. Can be performed 3-4 times a week since it's bodyweight and low intensity (even daily if posture is a big issue	 but then keep volume low to avoid fatigue). Many people use it in a warm-up for overhead presses or as part of a yoga/Pilates routine for shoulder health."	face-pulls\tband-pull-aparts	"At the W	 think of pulling your shoulder blades into your back pockets (down and together)	 with elbows at about 45° from your body. Then	 as you transition to Y	 keep shoulder blades engaged and raise arms overhead in a Y shape (about 30° out from ears). Focus on not shrugging – the movement comes from the mid-back	 not the neck. Imagine you're making a snow angel but in prone position and only going from W to Y. Move slowly – perhaps 2 seconds to extend to Y	 2 seconds back to W. If it gets too easy	 you can hold light weights (<2-3 lbs) or wear wrist weights	 but generally bodyweight is enough when done correctly. Breathe steadily; exhale as you lift into Y	 inhale returning to W."	Catalyst Athletics – Prone W to Y Drill; https://www.catalystathletics.com (Greg Everett demonstration; exercise shown to improve scapular stability)
palm-up-palm-down-rotation	Palm Up - Palm Down Rotation	"Extend one or both arms forward at chest height. Rotate the forearm(s) so palm goes from facing up to facing down	 and repeat (like turning a doorknob back and forth)."	repetition-based	general-fitness	2	15			FALSE	TRUE	forearms\tmobility	equipment:bodyweight\tcategory:flexibility\tforearm\tmobility\trehab	"Encourages and maintains flexibility in forearm pronation and supination (rotational movements). It's similar to forearm supination exercise	 but often done standing and alternating continuously	 which can also lightly strengthen the forearm rotators (supinator and pronator muscles) and increase blood flow. This helps in daily tasks requiring rotation (using tools	 turning keys) and prevents stiffness. The high-rep rotation can serve as a mild warm-up for wrists and elbows	 reducing the risk of sprains or epicondylitis by ensuring those muscles and tendons aren't tight. It's an accessible mobility drill to keep forearms healthy	 especially beneficial for those with repetitive pronation/supination strain (like electricians	 mechanics	 etc.)."	"Keep movements smooth; don't yank your wrists at the end ranges. If any clicking or discomfort in the elbow	 make the rotation smaller and more gradual. This exercise is gentle	 but overdoing extremely high reps too fast might cause forearm muscle fatigue or irritation	 so build up volume over time. If doing both arms simultaneously out front causes shoulder strain	 do one at a time or with elbows at your sides (similar to earlier forearm exercise). Ensure you aren't clenching fists too hard; stay relaxed to focus on mobility. People with elbow or radial head injuries should check with a professional	 but often this is part of rehab (just done slowly and carefully)."	"Use in warm-ups for any arm-intensive workout or sport as part of a comprehensive wrist/elbow routine. Could also be done during breaks at work for someone who types all day to move the forearms. Frequency can be daily; it's not intense. One might do 15-30 rotations (back and forth is one) in a set	 for 1-2 sets. Can be part of morning mobility or physical therapy homework. It's basically the same exercise as forearm supination/pronation but sometimes done with arms extended for more involvement of the entire kinetic chain (shoulder to wrist)."	wrist-stretches\telbow-curls	"Extend arms comfortably (straight forward or slightly down) and rotate palms up (supination) then down (pronation). Try to get full rotation each way without moving upper arms. You can imagine holding a bowl of soup (palms up) then pouring it out (palms down) to visualize. Doing it with arms extended adds slight shoulder rotation	 which is fine for a gentle stretch; if you want pure forearm isolation	 keep elbows bent at 90°. For variety	 you can also do an alternating pattern: one palm up while other is down	 then switch – this creates a bit of coordination challenge too. Breathe normally and keep shoulders relaxed away from ears. It's a simple move	 meant to be done leisurely to loosen joints."	"OrthoInfo AAOS – Forearm Rotation Exercise; https://orthoinfo.aaos.org (advocates turning palms up and down for elbow/forearm mobility	 often in context of rehab) – general reference."
air-twisting-crunch	Air Twisting Crunch	"Lie on back with legs raised (knees bent). Lift shoulders and twist	 bringing right shoulder toward left knee	 then alternate left shoulder to right knee (like bicycle crunch without pedaling legs)."	repetition-based	general-fitness	3	15		1.5	FALSE	TRUE	abs\tobliques\tcore	equipment:bodyweight\tcategory:core\tdynamic\trotation\tobliques	"Engages the entire abdominal wall	 particularly targeting the obliques through the twisting motion:contentReference[oaicite:61]{index=61}. The crunch component activates the rectus abdominis (six-pack muscles)	 while the rotation engages internal and external obliques. Keeping legs raised adds lower ab engagement isometrically and prevents rest between sides	 increasing intensity. It's an effective move for building core strength and definition because it combines flexion and rotation (hitting abs from multiple angles). It also improves core coordination (moving upper body and lower body oppositely) which can benefit functional movements. Many find this exercise really helps in toning the waist due to the oblique focus	 and it can be done without any equipment	 making it a staple in many ab routines or circuits."	"Maintain pressure of your lower back towards the ground to avoid arching and straining it. If you feel your neck straining	 ensure you are leading the motion with your shoulder (not just elbow) and support your head lightly with one hand (not yanking). Avoid using momentum; it's better to perform it slowly and deliberately for maximal muscle engagement (too fast can rely on momentum and risk form breakdown). Those with lower back issues can modify by keeping knees more bent or feet on floor in a basic bicycle crunch. Also	 breathe out on each twist up to properly engage deep abs and obliques. Stop if you feel any sharp pain in back or hips – slight discomfort in abs as they work is normal	 but pain is not."	"Place in the middle of an ab workout or circuit (since it can be intense). Often done for higher reps (e.g.	 15-30 total touches) or time (30+ seconds) since it's a bodyweight movement focused on endurance. Frequency can be every other day or three times a week for most (abs recover quickly	 but still need some rest). It pairs well after static exercises like planks	 to then get some dynamic movement in. If used in a HIIT or cardio-core circuit	 it can double as a bit of cardio too when done continuously. Ensure quality reps; better to do 3 sets of 15 well than 50 sloppy twists. Advanced folks can superset it with lower-ab moves (like leg raises) to fry the entire core."	bicycle-crunches\tRussian-twists	"Think of lifting your shoulder toward the opposite knee	 not elbow – this helps engage obliques more. Keep the movement controlled; a common error is to flail elbows without really twisting the torso. To maximize results	 pause for a split second at the top of each twist and really squeeze your abs. Keep your chin off your chest (imagine an apple under your chin) to protect your neck. If you want to intensify it	 you can extend the opposite leg straight each time (like a full bicycle crunch) or hold a light medicine ball in your hands – but baseline exercise already is effective. Remember to breathe: exhale on each twist upward (it'll help you crunch harder)	 inhale as you come through center. Aim for symmetrical reps on both sides."	Lift Manual – Air Twisting Crunch Benefits; https://liftmanual.com/air-twisting-crunch (provides details on muscles worked and benefits):contentReference[oaicite:62]{index=62}
standing-swimmer	Standing Swimmer	Stand with arms extended forward. Mimic a swimming stroke: either alternate arm circles (freestyle) or simultaneous broad arm sweeps (breaststroke) in a continuous motion.	time-based	general-fitness			30		FALSE	TRUE	shoulders\tupper-back\tmobility	equipment:bodyweight\tcategory:flexibility\tshoulder-mobility\twarm-up	"Acts as a dynamic warm-up for the shoulders and upper back by mimicking swimming motions. The large arm circles/sweeps improve shoulder joint mobility and engage the shoulder muscles (rotator cuff	 deltoids) across a wide range. It also promotes coordination and a gentle increase in heart rate. For those who swim	 it activates relevant muscles on land. For others	 it serves to open the chest (especially with breaststroke motion) and loosen tight lats and pecs while engaging the mid-back. Overall	 it enhances flexibility of the shoulders (especially in circumduction) and can help reduce shoulder stiffness. As a low-intensity movement	 it can also help relieve mild shoulder fatigue or stress by 'shaking out' the muscles in a controlled way."	"If doing forward crawl motion	 ensure you have space because one arm will be back while the other is forward. Move within a comfortable range – some people with shoulder impingement might find full overhead circle painful; if so	 reduce range or do more of a breaststroke (which stays below shoulder level mostly). Keep movements fluid	 not jerky	 to avoid muscle strain. If you have a history of shoulder dislocations	 be cautious with the extreme ranges of a full circle; perhaps stick to partial circles. And as always	 don't do it so fast that you lose form or risk pulling something – this is mobility	 not max-speed flailing. Breathe continuously; it's easy to accidentally hold breath when focusing on coordination."	"Great during warm-ups (especially for upper body or full-body workouts) to prepare shoulders. Swimmers use it before hitting the water	 but in general it can be part of any dynamic warm-up sequence. Time-based execution (20-40 seconds of continuous movement or a set number of arm circles like 10 each direction) is common. Doing it daily is fine	 since it's light – for example	 every morning to loosen up	 or during breaks from desk work to roll the shoulders. It's sometimes included in cardio classes as a light active recovery move between intense exercises. Frequency isn't really limited	 but typically it's not the core of a workout	 just a supplement for mobility."	arm-circles\tthoracic-rotations	"For freestyle simulation: alternate forward circles with your arms	 as if you were doing an exaggerated slow-motion crawl stroke – coordinate so when one arm is circling forward	 the other is circling backward overhead. Keep your torso mostly facing forward (you can allow a slight rotation for natural movement). For breaststroke simulation: push arms forward (palms together)	 then sweep them out to the sides and back (as if pushing water behind you) and bring together at chest – repeat fluidly. Stand tall and engage your core lightly to avoid arching your back excessively during big circles. If you like	 you can also do backstroke motions. The key is fluidity – imagine moving through water. This not only warms muscles but also can be somewhat meditative if done rhythmically with breathing."	Boxrox – Shoulder Mobility Drills; https://www.boxrox.com (includes swimmer arm movements as a way to improve shoulder flexibility)
3-4-sit-ups	3/4 Sit-Up	"Lie on your back with knees bent. Perform a sit-up but stop about 3/4 of the way up (before sitting fully upright) to keep tension on abs	 then lower back down."	repetition-based	general-fitness	3	12			FALSE	TRUE	abs\tcore	equipment:bodyweight\tcategory:core\tpartial-range\tabs\tbeginner	"By not going all the way up	 the abs remain engaged throughout the movement	 making it more effective for building abdominal endurance and strength in the targeted mid-range:contentReference[oaicite:65]{index=65}:contentReference[oaicite:66]{index=66}. This reduces hip flexor involvement compared to a full sit-up	 placing more load on the abs and less on the lower back. It's a good progression for those transitioning from crunches to full sit-ups	 and it allows you to focus on the abs without momentum. The constant tension approach can lead to better muscle fatigue in the abs (often felt as the 'burn')	 which is beneficial for muscle toning and endurance. It's also easier to maintain form vs. a full sit-up	 as you're less likely to swing or jerk. Overall	 a 3/4 sit-up effectively works the rectus abdominis while being a bit safer on the spine and neck than the full sit-up."	"Even though you don't sit all the way up	 avoid pulling on your neck. Keep your hands gently behind your head or crossed on your chest to prevent neck strain. Ensure your lower back stays relatively flat (not hyper-arched) at the bottom of each rep – if it arches excessively	 you might be going too low or relaxing completely (try maintaining slight pelvic tilt). Those with lower back issues or very weak abs might still feel strain – they should stick to smaller crunches until stronger. And as always	 use controlled movement; don't bounce at the bottom or use momentum to rise – that cheats the abs and might strain the back. Breathe out as you come up	 in as you go down to avoid holding breath."	"Great for mid or end of an ab workout when you want to thoroughly fatigue the abs. Could be done 2-3 times a week as part of a core routine. Often programmed for higher reps (15-20 or more) since it's bodyweight. If using it as a main ab exercise	 you might do 3-4 sets of 15 reps with good form. It's a nice alternative to full sit-ups in group classes for safety reasons too. One can include them daily in a quick routine	 but if doing high volume	 give a day rest here and there to let abs recover. They pair well after doing some leg raises (to hit lower abs first	 then these for overall abs)."	crunches\tplanks	"Lie in the standard sit-up position (maybe anchor feet under something if needed	 though try without anchoring to minimize hip flexor help). Cross arms over chest or touch hands to temples. As you sit up	 do it slowly and stop when your lower back is about 30° off the ground (roughly when abs are maximally contracted	 before hip flexors really take over). Then control the descent; don't just flop down. Keep the abs 'on' – imagine they're doing a continuous effort	 not resting at bottom. It's okay if your shoulders touch down	 but immediately go into next rep to keep tension. The key is not resting upright or flat – hence '3/4' of the way. If you feel neck strain	 focus eyes on ceiling and maybe put tongue on roof of mouth (a trick to reduce neck tension). As you get stronger	 you can even add a tiny pause at the top 3/4 position for extra burn."	Lift Manual – 3/4 Sit-Up Guide; https://liftmanual.com (describes 3/4 sit-ups as a modified sit-up that reduces strain and maintains tension):contentReference[oaicite:67]{index=67}:contentReference[oaicite:68]{index=68}
alternate-lying-floor-leg-raise	Alternate Lying Floor Leg Raise	"Lie on back with legs straight. Keep one leg on floor as you raise the other straight up	 then lower and switch legs. (One-leg-at-a-time leg raises.)"	repetition-based	general-fitness	3	10			FALSE	TRUE	abs\tcore\thip-flexors	equipment:bodyweight\tcategory:core\tlower-abs\tbeginner\talternating	"Strengthens the lower abdominals and hip flexors by lifting one leg at a time	 which is more accessible than lifting both together. This exercise also challenges the core to keep the torso stable while the legs move alternately	 engaging the transverse abdominis and obliques as stabilizers. Alternating legs reduces strain compared to double leg raises	 making it suitable for building up strength. It helps improve pelvic control and lower abdominal endurance. Over time	 it can serve as a progression toward full two-leg raises. It also stretches the hamstring of the active leg slightly at the top of the motion. Overall	 it's effective for targeting the lower abs with reduced risk of lower back arching	 given one leg stays down for support."	"Press your lower back towards the floor throughout the movement – if you feel it arching off the floor as a leg lowers	 don't lower that leg as far or keep a slight bend in the knee. Move slowly; dropping the leg too fast could strain the back or use momentum. If flexibility is an issue and you can't keep the non-lifting leg straight on the ground	 you can bend it (foot flat) for now. Those with very weak lower abs or back issues might start with bent-knee marches before straight-leg raises. As always with lower ab exercises	 avoid jerking your hips. Breathe out when lifting	 in when lowering to maintain core engagement. Stop if you feel any sharp pain in the lower back – slight discomfort from muscle work is okay	 but pain is not."	"Include in beginner core routines or as a warm-up for more advanced moves. It's often done for moderate reps like 10 each leg (20 total) for 2-3 sets. Can be done 3-4 times a week because it's not extremely intense (just watch for hip flexor soreness). It's a good preparatory exercise at the start of an ab workout before moving to harder exercises (like leg raises or V-ups)	 or at the end of a general workout to get some core in. Also useful in rehab or post-pregnancy core retraining because it's lower load. Frequency can be even daily in small amounts	 but every other day is usually fine to allow some recovery."	reverse-crunch\tleg-raises	"Place your hands under the natural arch of your lower back or by your sides for added support if needed (especially if your back tends to arch). As you lift one leg	 keep the other leg either flat on floor or at least keep that foot in contact – this gives you a reference for keeping your pelvis stable. Lift until the raised leg is about vertical or as high as you comfortably can without bending it much. Then lower with control until it almost touches the floor	 while simultaneously starting to lift the other leg. It can feel like a gentle scissor motion. Focus on using your lower abs to initiate the leg movement	 not just your quads. Keep your head and upper back relaxed on the floor. If doing all reps on one side then switching	 be consistent on range and speed both sides. As strength increases	 you can transition to lifting both legs together or holding both slightly off floor between reps to increase challenge."	American Council on Exercise – Single Leg Raises; https://www.acefitness.org (advocates alternating leg raises for developing core strength with lower back support) – common beginner core exercise.
assisted-lying-leg-raise-with-lateral-throw-down	Assisted Lying Leg Raise With Lateral Throw Down	"Lie on back and hold onto a partner's ankles or a sturdy object overhead. Raise both legs up. Partner pushes your feet toward one side (diagonally down); resist and bring legs back up. Repeat with partner pushing to opposite side	 alternating."	repetition-based	general-fitness	2	10			FALSE	TRUE	abs\tcore\tobliques\thip-flexors	equipment:partner\tcategory:core\tlower-abs\tpartner\tadvanced	"Highly engages the entire core	 with emphasis on the lower abs and obliques	 by adding an unpredictable lateral force:contentReference[oaicite:69]{index=69}. The partner's throw not only requires you to resist the downward motion (hitting the lower abs hard	 like a leg raise)	 but also the sideways component	 which forces the obliques and transverse abdominis to stabilize against rotation. This leads to improved core strength in multiple planes and better reactive core stability (useful in sports). It's a very intense exercise that also has a conditioning aspect (because resisting strong movements raises heart rate). Common in martial arts and boxing gyms	 it builds the ability to take and control external forces using the core. Overall	 it's excellent for advanced core development	 hitting hip flexors	 lower abs	 upper abs (for bracing)	 and obliques all in one."	"This is an advanced move – you should be very comfortable with regular leg raises and have a strong core. Communication with the partner is key: they should apply firm but controlled force	 not a sudden jerk that could injure you. Start with moderate pushes until you know you can handle more. Keep your lower back pressed into the floor especially when legs are thrown down; if you feel it hyperextend or you lose control	 stop or have partner reduce force. Do not let your legs actually slam to the floor – the goal is to catch them before and lift back up. Breathe (exhale) when pushing legs back up. Those with lower back problems or weak core should avoid this until stronger. Also	 do equal throws to both sides to avoid imbalances."	"Typically used in advanced athletic conditioning workouts	 not as a daily drill. Because it's demanding	 2-3 sets of 5 throws each side (10 total) is plenty for most. It shouldn't be done more than 1-2 times a week to avoid overtraining abs/hip flexors. Often appears at the end of a core workout as a finisher. If you have a partner handy	 it can be a staple for fight sports conditioning once or twice weekly. Always allow adequate rest between sets (at least 1-2 minutes) as your abs will be on fire. It's not suited for circuit training with other intense core moves (too much risk when fatigued)	 but could be paired with lighter exercises like balance or cardio moves in circuit."	hanging-wipers\twindshield-wipers	"Ensure a tight grip on the partner (or heavy object behind head) – this anchors your upper body. Keep your legs as straight as possible	 and when the partner pushes them	 don't bend or let them separate. Focus on resisting with your core	 not your arms (they just hold on). When legs reach near the floor to one side	 immediately engage obliques and lower abs to pull them back up in a reverse arc toward the center and up. A slight bend in knees is okay if needed	 but try to progressively straighten them for more leverage (harder). If partner signals	 you can brace harder just before each throw to protect spine. Partners: push at the shins or ankles with even pressure	 not a slap. Also vary the angles slightly (some toward 45°	 some almost straight down) to keep it challenging. Always stop if form breaks (e.g.	 lower back lifting or legs dropping uncontrollably) to prevent injury."	YouTube – \Partner Leg Throws\" (Jeff Cavaliere
reverse-lunge-leg-kick	Reverse Lunge Leg Kick	"Step back into a reverse lunge	 then push up and immediately kick the back leg forward into a front kick. Return to standing and repeat (alternating or same side)."	repetition-based	general-fitness	2	10			FALSE	TRUE	quads\tglutes\thamstrings\thip-flexors	equipment:bodyweight\tcategory:strength\tlower-body\tbalance\tmartial-arts	"Combines lower-body strength and balance from the reverse lunge with explosive power and dynamic flexibility from the front kick. The lunge portion works quads	 glutes	 and hamstrings of the front leg	 building strength and stability. Transitioning into a leg kick activates the hip flexors and quadriceps of the kicking leg and requires core engagement for balance. This improves coordination and agility	 as you move from a controlled movement to an explosive one. It also raises heart rate	 adding a cardio element. For athletes	 it mimics actions needed in sports (lunging and quickly extending the leg). Over time	 it enhances single-leg stability (on the supporting leg during the kick) and develops better neuromuscular control	 while also providing a mobility benefit through the high kick. It's a functional move bridging strength and martial skill."	"Master standard reverse lunges first (with good knee tracking and posture) before adding the kick. During the kick	 don't hyperextend your knee – snap it forward but stop at near full extension to protect the joint. If your balance is shaky	 perform the move slowly: lunge	 then as you stand	 do a controlled knee-up instead of a full kick initially. Be mindful of the supporting knee; do not twist on it – when kicking	 you naturally turn the supporting foot out a bit. Those with knee issues should monitor how deep they lunge and perhaps limit the speed of the kick. Clear your surroundings; you're effectively doing a front snap kick and need space. Ensure you engage your core when kicking to avoid arching your back. Breathing: exhale sharply on the kick (like martial artists kiai) to keep it strong and controlled."	"Great in a functional circuit or as part of a leg workout finisher. Could be done for moderate reps like 10 each side or timed intervals (30s each side) as it also challenges endurance. Frequency can be 2-3 times a week	 as it’s bodyweight (though if you're very sore	 give it a rest day). Often used in bootcamp or martial-arts inspired classes. Typically you alternate legs each rep or do a set number on one leg then switch. It's fairly high-intensity due to the balance + power combo	 so do it earlier in a workout if form is priority (or as part of HIIT when fresh). It pairs well after simpler moves like squats to add variety. Avoid doing right after heavy weighted lunges though	 as balance might be compromised by fatigue."	jump-lunges\thigh-knees	"As you step back into the lunge	 keep your torso upright and weight in the heel of the front foot. In one motion	 drive through the front heel to come up and simultaneously swing your back knee forward and up. Then extend that leg into a kick	 leading with the ball of the foot (as if kicking open a door). Aim roughly waist to chest height with the kick	 depending on flexibility. Re-chamber the leg (bring it back) and step immediately into the next lunge or return to start. Find a rhythm: lunge	 kick	 lunge	 kick... The arm opposite the kicking leg can naturally swing forward for counterbalance. Start slower to nail balance	 then speed up as confident. Think \explode\"" on the kick but \""control\"" on the lunge. If needed"	 reset briefly between reps to gather balance. Over time  you'll be able to flow them together smoothly."
kneeling-thoracic-spine	Kneeling Thoracic Spine Extension	"Kneel on all fours facing a bench. Place elbows on bench	 hands together. Sink your chest down and head through your arms	 stretching your upper back. (Like a prayer stretch for thoracic spine.)"	time-based	general-fitness			20		FALSE	TRUE	flexibility\tupper-back\tshoulders	equipment:bench\tcategory:flexibility\tthoracic-spine\tstretch\tmobility	"Targets the thoracic spine mobility by stretching the upper back into extension and the shoulders into flexion:contentReference[oaicite:72]{index=72}:contentReference[oaicite:73]{index=73}. This helps improve posture (countering forward slouch) and can alleviate upper back and neck stiffness. It also stretches the lats and triceps to some degree because you're reaching with elbows on bench and sinking down. By improving thoracic extension	 overhead movements (like presses or front squats) become easier and less compensations occur in the lower back. This stretch is excellent for those who sit a lot or have a rounded upper back	 as it opens the chest and mobilizes the spine. Additionally	 it can relieve tension around the shoulder blades. Many report feeling an immediate reduction in tightness in the mid-back after doing this stretch	 and it fits well in warm-ups or cool-downs for upper body sessions."	"Be gentle and don't force your chest to the floor – ease into the stretch until you feel a good pull in your upper back or shoulders. Keep your elbows about shoulder-width apart on the bench and don't let them flare too wide which might strain shoulders. If you have shoulder impingement	 this position (arms overhead) might be uncomfortable – you could try it with a wider grip on a dowel or skip if painful. People with very tight lats/triceps might feel it intensely in the armpit area; again	 go gradually. Maintain a slight pelvic tilt (don't overly arch the lower back) – the goal is to extend upper back	 not hyperextend lower back. Breath: exhale as you sink deeper	 which can help you relax into it. If any sharp pain (especially in spine)	 stop – a mild discomfort or muscle stretch sensation is fine	 but joint pain is not."	"Use it as part of warm-up routine (especially before overhead lifts	 front squats	 or if you know your t-spine is stiff). Also great as a cool-down stretch or in the evening to counteract sitting posture. Frequency can be daily since it's a static stretch/mobility move. Holding for 20-30 seconds	 releasing	 and repeating 2-3 times is effective. Many incorporate it in yoga or mobility flows as well. For example	 before a heavy squat/press workout	 2 sets of 30s hold can really improve form. Or after a long day at desk	 a couple of 20s holds feels relieving. It's low risk if done gently	 so it can be done often – just don't aggressively push it	 especially first thing in morning when spine is stiff."	cat-cow-stretch\tchild-pose	"Place a rolled towel under your elbows if you want to increase stretch or ease discomfort. When sinking down	 think about bringing your chest toward the floor *between* your arms and dropping your head through your arms. Try to keep your hips directly above knees (don't shift way back or forward). You can adjust elbow distance: slightly narrower or wider to find the best stretch. Sometimes rocking gently in and out of the end position (pulsing) can help further mobilize the spine. Focus the bend in your upper/mid back – imagine each breath letting your sternum sink a bit lower. As you finish	 lift chest slowly to come out of the stretch (don't jerk up). Many find this stretch addictive because it hits a spot that's hard to reach otherwise	 but always respect your current mobility and progress gradually."	Prehab Guys – Kneeling Thoracic Stretch; https://library.theprehabguys.com (demonstrated as kneeling thoracic spine extension on bench):contentReference[oaicite:74]{index=74}:contentReference[oaicite:75]{index=75}
shoulder-rolls	Shoulder Roll	"Stand or sit upright. Lift shoulders up toward ears	 then roll them back and down in a circular motion. Repeat for 20-30 seconds. Then optionally roll forward."	time-based	women-health			20		FALSE	TRUE	shoulders\tmobility	equipment:bodyweight\tcategory:flexibility\tshoulders\twarm-up\ttension-release	"Relieves tension in the upper trapezius and neck area by actively moving the shoulders through their full shrug-and-release motion. In rolling back	 it promotes good posture by encouraging shoulders to move down and back. Rolling forward can gently stretch the upper back muscles. This exercise increases blood flow to the neck and shoulder region	 which can alleviate stiffness (e.g.	 from stress or computer work). It's also a great quick relaxation technique – many people do it instinctively when stressed. It helps maintain mobility of the scapula and clavicle joints	 possibly reducing risk of impingement by letting shoulder blades move freely. Overall	 shoulder rolls are an easy way to warm up or loosen the shoulders and neck	 making it useful for anyone	 especially those with sedentary lifestyles or anxiety-related muscle tightness."	"Make sure the movement is controlled – it's a roll	 not a jerky motion. Avoid excessive speed which could cause muscle cramping. If you have shoulder impingement	 rolling shouldn't be painful since it's mostly elevation and depression	 but if rolling forward causes any pinch	 just do the backward motion (which is generally more beneficial). Keep your head and torso still; only shoulders move. Breathe normally and try to sync breathing with movement (inhale up	 exhale down) to enhance relaxation. Those with very tight traps might feel some soreness after – that's normal if mild	 but don't overdo (maybe start with 5-6 rolls each way). And be mindful not to shrug too violently which can strain neck muscles – smoothness is key."	"Include in nearly any warm-up since it's quick and prepares the shoulders for movement. It's also great as a micro-break during long periods of desk work or driving. Frequency can be multiple times a day – it's low intensity. Typically	 doing 8-10 rolls backward and if desired 8-10 forward is sufficient at one time. Many prefer just backward rolls because we often need to counteract forward hunching. It's commonly used in cool-downs or stress management routines too. Shoulder rolls before bed or upon waking can also relieve nighttime or morning stiffness. Essentially	 you can do them anytime you feel tight – there's no real recovery needed from this gentle movement."	neck-rolls\tarm-circles	"Lift up high (like a deep shrug) during the first phase	 then intentionally squeeze shoulder blades together and down during the backward phase – that maximizes the benefit of opening your chest and engaging mid-back muscles. Imagine drawing a circle with the tip of your shoulder: up	 back	 down	 forward (for backward roll). Do the opposite for forward roll. Keep shoulders relaxed through the movement (paradoxical as it sounds – meaning don't hold them up tensely	 just move them fluidly). Combine with a neck stretch afterward for a full upper-body refresh. If doing at a desk	 ensure you sit or stand tall; a slumped posture will limit the effect. And remember to breathe – people sometimes hold breath concentrating on the motion. A nice inhale on the lift and exhale on the drop can augment the tension release."	Harvard Health – Desk Stretches; (commonly includes shoulder rolls as a recommended exercise to relieve tension and improve posture) – general knowledge from ergonomic guidelines.
seated-cardio-arm-pumps	Arm Pumps	Sit tall in a chair. Bend elbows 90°. Pump your arms forward and back in a brisk \running\" motion while seated as if power walking with just your arms."	time-based	women-health			60		FALSE	TRUE	shoulders\tarms	equipment:bodyweight\tcategory:cardio\tlow-impact\tseated\tupper-body	"Provides a gentle cardiovascular workout particularly suited for those with limited lower-body mobility or for warm-up. Rapid arm pumping elevates heart rate and breathing	 improving circulation and giving a moderate aerobic effect. It also engages the shoulder and arm muscles (deltoids	 biceps	 triceps) increasing blood flow to them. This exercise can improve upper-body endurance and coordination (it's essentially the arm motion of brisk walking or running without leg movement). For individuals who cannot do full-body exercises	 seated arm pumps can help maintain some cardio fitness and contribute to calorie burning. Additionally	 it can serve as a quick energy booster (like \shadow boxing\"" in place) because moving the arms vigorously stimulates blood flow and can reduce perceived exertion of later movements by acting as an extended warm-up."""	"Make sure the chair is stable so you don't scoot or tip when pumping vigorously. Keep your core engaged and don't slouch to protect your back. If you have shoulder issues	 adjust the range of motion: you don't have to swing too high or far back – a shorter	 faster pump might be better tolerated. Avoid clenching fists tightly; a relaxed hand reduces forearm tension. Breathe continuously; since it's cardio	 you want a steady in-out breath rhythm (try not to hold breath at any point). Those with very low fitness or certain conditions should start with shorter durations (30 seconds) and gradually increase to avoid dizziness or excessive fatigue. If any shoulder pain or clicking occurs	 shorten the motion or slow down. This is low-impact	 so it's generally very safe	 but always listen to your body."	"Often used in senior exercise programs or as a low-impact warm-up in group classes (everyone can do it together). It can be done daily – for instance	 multiple short bouts spread through the day for someone who is largely sedentary. A common format is doing it for 1 minute on	 30 seconds off	 repeated a few times for a mini cardio workout. In a circuit	 it could be one station (e.g.	 60 seconds of arm pumps between strength moves to keep heart rate up). Because it's not extremely strenuous for the fit individual	 those can use it as an active recovery between tougher exercises. For lower fitness levels	 it might be a main cardio component. Frequency and timing are flexible; e.g.	 do it whenever getting up isn't feasible but you want to get your blood moving."	marching-in-place\tarm-circles	"Sit toward the edge of the seat (if safe) to allow full arm swing. Imagine you're power walking: drive one arm forward while the other goes back	 bending elbows about 90°. Focus on pumping from the shoulders. You can increase speed to raise intensity – the faster you pump	 the more cardio. Keep your torso stable and avoid excessive twisting (a little natural twist is fine). If you want to incorporate a bit more	 you could \march\"" lightly with your feet at the same time. Keep breathing"	 even count your pumps to ensure you're not holding breath. Start at a moderate pace for 5-10 seconds
heel-to-toe-walk	Toe Walk	"Balance exercise: step one foot directly in front of the other	 touching heel to toe each step	 as if on a tightrope. Continue for a set number of steps to practice balance."	time-based	women-health			60		FALSE	TRUE	legs\tcore	equipment:bodyweight\tcategory:balance\tcoordination\tlower-body\tseniors	"Improves balance and gait by narrowing your base of support. Walking heel-to-toe strengthens the muscles in the lower legs and ankles that stabilize you	 and it challenges the vestibular system and proprioception. Practicing this can reduce the risk of falls by training your body to remain steady in a very narrow stance. It also enhances coordination and focus	 as you have to place each foot carefully and maintain equilibrium. For older adults	 this is a common exercise to maintain mobility and confidence in walking. Additionally	 it lightly engages the core and hip abductors	 as they work to keep you balanced in line. In sum	 this simple drill can lead to better balance in everyday activities	 improve posture	 and strengthen foot and ankle stability."	"Safety first: if you're new to this or at high risk of falling	 do it along a counter or wall so you can touch for support if needed. Look forward (not down at your feet) once you have a feel for it	 because in real life balance scenarios you won't be looking at your feet. If the full heel-to-toe touch is too hard	 start with a slightly wider step (heel just in front of toe but an inch apart) and gradually close the gap as you improve. Keep a slight bend in the knees and don't walk too fast. Use your arms out to the sides for balance initially; as you get better	 you can keep them at your sides. If you have significant neuropathy in feet or other serious balance disorders	 do this only with supervision or not at all. Wear flat	 supportive shoes if doing this exercise (socked feet or high heels would be unnecessarily challenging or slippery)."	"Use in balance training sessions	 often after some leg strengthening moves. Many senior fitness classes include this in a circuit of balance drills. It can be practiced daily – it's not strenuous	 it's more neuromuscular. A typical bout might be 5-10 steps forward	 turn around	 5-10 back. Doing 2-3 rounds of that per session is common. Could also be part of a dynamic warm-up (though it's slow	 some coaches include it to tune balance). Frequent practice yields best results; even doing it in a hallway each morning can be beneficial for those who need it. Because it's slow	 it also has a mindful element	 which can be calming when done deliberately."	single-leg-stands\tcalf-raises	"Find a line on the floor (or imagine one) to follow. Step with your right foot in front	 placing the right heel directly against the left toes. Then shift weight forward and bring left foot in front of right	 left heel to right toes. Continue like you're walking on a tightrope. Focus on a point ahead to help balance. Go slow. If you wobble	 pause and regain control – part of the benefit is learning to correct small stumbles. Tighten your core and keep your head up; arms can raise to help if you sway. Over time	 try to make the steps smoother and without looking down. For added challenge when proficient	 you could do it backward or close your eyes (with someone spotting). But for most	 just the standard heel-to-toe forward walk is sufficient and effective."	"NHS (UK) – Balance Exercises for Older Adults; https://www.nhs.uk (lists heel-to-toe walk as a simple home exercise to improve balance and reduce fall risk	 often called a \tightrope walk\"") – commonly recommended.""``` "
